sno_id,sequence
SNORA11E,GGGGTGTGCTCAGAGCAGGGGGCCTGAAGAATGGCTCCTCTGTTTACAACACACCCAACAGGAAGCTGGGGTCATCGTGATGAGGGGCACAAACTTGTGGCCTCCCTACAGACAAATGCCCTACATGT
SNORA13,AGCCTTTGTGTTGCCCATTCACTTTGGAAACTAGTGAATGTGGTGTCAAAAAAGGCGTAAATTAAACGCTTTGCAGCCTTTTCCTGCCCTTAAATTTGATACCTTTGGTGTAGGAGCTGCATAAGTAACAGTT
SNORA15,GCATGGCCGAATACTGTGTTTTTATCAGTAGTTTACACAGCCAGACACCATGCAAAAGCAGTCTTCCCTTTAGAATGACTGATGGTATGCTAAGGTTTTTCATAGCATATCATTATTAAAGGTGAATACAAAT
SNORA16B,TATGGCCTTTATCAAAGCTGCAGCTGCTTCCATGTAGCTGCTGTGGTCAAAAAGAAGCCAAGAGTGACAGTTTTCCTTGATGGTCATAGTTCTGTTTGCTGTAACTGATCTGCAAGATTTTGGGAAAATACCATT
SNORA21,CCCCCTTTTAAAAGCACTCAATGGGCCTGTGGCTAATGACCTATTGAGCCGTCAAGAAAGGGGAGAGTGAAAACATCGCTTTTGGGTGAAGTGGCAACATGTGTTGTTTGCTTCAATCGGTGGTGTGACAAGG
SNORA22,TTGCACAGTGAACACCCAAGTGTGCTTTATAGTTCCCTTGGCTTTGACCCTGTGCTAGAGCATTGCCTGCTCTTCTCCTCTGCATTAAAAGGAATATTTATCCTTTTAAATGTATTCAGAAAGCCAGCACATTA
SNORA23,CATGGCTGCTGTAATGTGTGCATAGGTTTCATCTGTGTCTGGTAGCAGTGTCTGTCTGTGTTTTGCATTCAGATCTTGCTATCCACACAAACATCATGCGGCCAAAGAGTAACTTGGGATCATAGTACTGGTCTAGTGTTGTCTCTGGACACATCTACCACTGGCCAGCCTCCAAATTCCCACACACAG
SNORA27,TACCCCCTTTTCACTTTGCCAGTTGGACTTATGTCTTTATTGGTCATTCAAGTGGGGCAAAGGAAATATCCTTTTAAAACTCAGGCAAACTGGGTGTTTGTCTGTATCCTGTCAGAGGAAACAAAT
SNORA29,TTTCTCATTTGACTACCACATTTTCTCCTAATAATAGATTTTAGTGGCTATGCTTATGGGATAGATTAAACTTGCCATGATCTGAAGAGGGAGGGTTTTTTCATGTCCTCCTCCTATATGAAATGGCTGAACGGATATTA
SNORA32,TGGTCATTACCAAGGCTTTTAGAATGCAGTTTCTCATTTGCTGTGGACATGACCATAAAAAAATTTCCCAGTAGGTTTTCTATCTGCTACTTTGCTAGCAATCAGCTTATTGGGAACAGTT
SNORA33,AAGCCAGCCAATGAATCTGCTTACCTGATTGTGTTTGTGCAGACATACTTTAAAAACTGGCAATAGTAAAGCCATGTTACGAGCCTTAAGGACATTGAAGTCGTTAAGGTCCCTGAGAATGGCTATAACAAAT
SNORA35,TAGCACTGTTGCCTGAGCCATTGGTGCTCCCTGGTACTAGCTCAGTTTTAATGCAGTGCAATAGGAATTCTTTGTTTCCACAAGGCCTTGTCCTGCTGTGGGCTGCTCCTTCCCACAGTTGGACCTTG
SNORA36A,TTCCAAAGTGTTGAGTTCAGTCCAGGGCAGCTTCCCTGTTCTGTTAATTAAACTTTGGGACATTAAAATGGGCTAAGGGAGATGATTGGGTAGAAAGTATTATTCTATTCATTTGCCTCCCAGCCTACAAAA
SNORA36C,TTCCAAAGTGTTGAGTTCAGTCCAGGGCAGCTTCCCTGTTCTGTTAATTAAACTTTGGGACATTGAAATGGGCTAGGGGAGATGATTGGGTAGAAAGCATTATTTTATTCATTTGCCTCCCAGCCTACAAAA
SNORA37,TGAGCACTTTCACAGGTCCTCCCTCAGGCTGTGGGGCCAGGATTTGGTAGCTGGTGCTGAGAGAAAACCTTTGTTGGCATCCTTGCCCTGGGACTGTGCCAGTGGCAGCTGTCATTCAATGGGACAATT
SNORA3A,ATCGAGGCTAGAGTCACGCTTGGGTATCGGCTATTGCCTGAGTGTGCTAGAGTCCTCGAAGAGTAACTGCTGACCTTATTCACTGGCTGTGGGCCTTATGGCACAGTCAGTCACCAGGTTAGAGACATGC
SNORA3B,GCCGAGACTAGAGTCACATCCTGACACAACTCTTGTCCTGGTGTGCTAGAGTACTCGAAGAGAATCTACTGGTCTTGATTCACTGGTGGGGGCAGTCGGTGCCCCCGTTAGTGCCCAGATCAGAAACATAC
SNORA4,TACCAAAAGTTAGCTTTTTGGGGGGCAGGTTTTTAAGTAACCTTTGCCAACTTGGGCTATTTGGAAGAGTAAAAGACCACACTCCACAGTGGGCTATACCACTTAGTATAGTTCGCTACTATTTTGTGGCCTACATG
SNORA40,TGCACTTATGTATGTTTTTGTTTAACGTGGACAAAGACTTACAGATAGGTGCAAAAAATAAATCCTCTTTTGCAACCCAGAACTCATTGTTCAGTATGAGTTTTGATACATATAAGAAGGGATATTA
SNORA41,TTCCACAGCTACTGGTCTGCAGCTGTTCTTATGGTAGCAGTTGTGGCATTCCTCTGTGGGAAAGAAACTGTTAACACAAACACCTCTTTCTTAGCAAAACAGAAAGTGGGTATATATGTGTGACAGACACAA
SNORA44,CAGCATGTTTCCAAGGGCTGTGGCTGGTCATAGCCATGGGATCTCCAACTGCATGCAAGAGCAACCTGGAAAGACTTTGACAGCGCAGGTCAGTACAATACCTGCAAGCTGCCACTCAGCTTTCCTATAATG
SNORA46,AGCACTATATTTAAACCTGTGGATGGGAATATTCCCCATTCTTGGTTACGCTGTAGTGCAAAAGAATTCCTGGCTCTCTGTTGCACAGCTGACTTGTGCCATTCTGCTGTTGCTGTATAGAGTTAAGGAACATGG
SNORA48,TGTCCCTGACCTGGGTAGAGTGGCATCTGGTTGGTGATGCCCATCTCATATCAGCCAGGGACAAAGCAACTCCTTGTTCATCCCAGCTTGGCTTTTGATCCGTGCCCATGCCTGGTTCATGCCTTGGACACATAG
SNORA49,CTTCCTCAGCCTTACTCCAGGGACTTTTTGTTGCCTGTAAAGTGCTCTGGCATTGCCTGAGGATAGATGAGAAAGCACATATCCCTCCCCAGTAAGACGCTGTTTTCTTTTGGGGCCTACAAGTTGAGCTGACAGT
SNORA52,TGGTCCATCCTAATCCCTGCCGGTCCATCTGTGGCCTGCCAGGTTTCGCTTGTGGACCAGAGCACCCTAGAAGCCTCACCCGAGGAGTGAGCAGGGCTCCAGTGGGCTCACGTCATGGGCACTTCTAGACACTC
SNORA54,GAGCACTGTTCGTAACCCGTTAGCCTGGCTGTAGCTAATGGGTTCCATTCCGGTGCAATAGCATTTCCAGCGACACATGACTGACTGACTGGTGGCTTTCAGTTTCAGGTCTTGGAGACAAAT
SNORA55,GAGCACCTGAATCTTTCCCATTCCTTGCTGCCTCGTGCCGGTGTGGGGACAGATGGTGCTACAGAATGAGCAGAGGAAATCCAGACAGGTTGTTTTCCATTTGTCTTGGGGCCTGTCTCTACAGCTCTGCCACATTT
SNORA56,CGGCAGACAGTTATCCCTTTCTAGTCTGGCTCGTGGGACTCTAGAGGGAGTCAGTCTGCAACAGTAAGTGGTGAGTTCTTCTGTCCAGCGTCAGTATTTTGATGGTGGCTTTAGACTTGCCAGATAACA
SNORA58,GGGCATACTCGTAGACCTTGCCTGACTGTGCTCATGTCCAGGCAGGGGGGACAGTGTATGCAAGAATAATTTGGAGTTCCTGCCAGCTCTAACCAGCTTCATCAGTGGCTGGATAAATTGCAGGACTCTAAACATTT
SNORA59B,AACATAGAGTACACATTTTCTGTTTTGTTTAAGAATTATTCTCTTGCAGACCTATGTTTTTTGTTTTTGTTTTTCTATCCTTGGCAGAGTTTTTTAACATGGATTTTTTACTTCACTTTTAATATTTTATTTACATTTTATATTTGAGTAAATTCATTAACTATATCTAAGTCAAAATGCTTAATGGTATATAGGATTCCACTATATGTGATATACTTTTAAAATCAATTTCCTATGGTTGAATAGTTTATTTCCAATGTTTCAATATTAACAACTCTTCAAGGAACATCCTAGGAAAAAATATCTTCATATACTTGTCTGATTATTTCTTTAAGATTCATAAAAGTGGGCCCAGGGTATGTTCACGGGGCGATGCTGCCCTCCCAGCTGGCCCATGGGTGACCCTGGGAACATTAACTGCCTCACAACGTTTGTGCCTCAGTTACCCGTAGATGTAGTGAGGGTAACAATACTTACTCTCGTTGGTGATAAGGAACAGCTAACACAACACACAGGGTTTTTCTGCTCCCAAAATGGGATTCTTCAGTGCACCAAATCGAAGAAAGCACTGGAGCTCACGCTGGTTTCTCCATTGTTTCTCCTTAACAGTGGAAACTGTAACTTTTGTTCTAGTAGCATCTAGCATGCTCAATAATTATTTGTAAATAAAAGTTATACTTTCCCTCCAAAAAAAAAAAAAA
SNORA5A,TGCAGCCGTGTCAAATTCAGTACCTGTCCTATGCATGGTAGGCACTGGCCCAGAAGGCTGCCACAGAAACACTGTGACTCATGGGCCCTGTTCCTGTGTCCCAGGCTCAGGGATAAATTTGGTTACAGACATCA
SNORA5B,GGCAGCCATGTCAAATTCAGTGCCTGCCCTGTCTATGGTAGGCACTGGCCCAGAAGACTGCCACAGAAACAGTGACTCACAGGCCCTGTTACTGTGTCCCAGGCTCAGGGATAAATTTGGTTACAGACACCA
SNORA60,CACCTGCATTCAAAAATGATCACGGGCTGCCTGTGCTCTGGTCATCAATAACGCAGGGAGAGGAATTGCTGAAAGCCGTTTCCCGTGTTTGGAGGGTTCACACCTGTCCCTTTCAAATGCTGGCGCTTTCACACAC
SNORA61,ATCCTCCTGATCCCTTTCCCATCGGATCTGAACACTGGTCTTGGTGGTCGTAAAAGGAGGAAAAGTAATAGTGAAGCTGGCCTAAATGTTGTAATCTGGTATATGGCATGTGGGCTAGTTTCAGACAGGT
SNORA62,TGTGCACATTGTTAGAGCTTGGAGTTGAGGCTACTGACTGGCCGATGAACTCGCAAGTGTAGGTAGTGTGCTACATGAGGGGCAAGTTTTCGCTAACACCACAAGGGTCTCTGGCCCAATGAGTGGAGTTTGATAGTAATTCTTGCTACAAGTA
SNORA64,ACTCTCTCGGCTCTGCATAGTTGCACTTGGCTTCACCCGTGTGACTTTCGTAACGGGGAGAGAGAGAAAAGATCTCCTCAGGACCTCGGATGGGCCTTACTGTGGCCTCTCTTTCCTTGAGGGGTGCAACAGGC
SNORA67,ATCCAAGGCGATTCCCTCTCCAAGGGGACATCTAGTGCCCCTCTCAGGAAAGTAGCAACTTGGAATAGAATCTGGCATGCCTAAGGTCTTTGAGGAACAGGGATGCTTATTTCCTCTGCCTTCCTTGGCTGCCTACATAG
SNORA69,AAAGCAGGTTGCAATTACAGTGCTTCATTTTGTGGAAGTACTGCCATTATCCTGCTGAAAGAAAAGCCGTGTTAATCATTTTTGATTTTGCCTTTATGAGGGTAAAATCATGACAGATTGACATGGACAATT
SNORA70C,CTGCAGCCAATTAAGCCAACTGGGTTCCTTTCCTCATGGGGGCCCATTGTGCAATGGCTGCAAACAGCAGCTTTCTTGGTAGTGTATGCAGCCTGTTTGTTGTATGGGTTGCTTTAAGGGACCATGGAAACAGGC
SNORA70D,CTGCAGACAGTTAAGCCAACTGAGTTCCTTTCCTCAGGGAGGCCCAGTGTACAATGGCTGCCCACAGCAGCTTCCTTGGTAGCGTACTCAGCCTGTTTCTTGTATGGGTTGCTCTAAGGGACCTTAGAGACAGGC
SNORA70E,CTGCAACCAATTAAGCCGACCTAGTTCCTTTCCTCTTTGGGGCCTGGTGTTCAATAGCTGCAAACAGCAGCTTCCTTGGTAGTGTATGCAGCCTGTTTCTTGTATGGGTTGCTCTAAAGGACCTTGGAGACAGCC
SNORA70F,CTGCAGTCAATTAAGTGTACTGAGTTCCTTTCCTTATGGGGGCCCAGTGTGCAATGGCTGCAAACAGCAGCTTCCTTGGTGGTGTATGCAGCCTGTTTCCTCTATAGGTTGCTCTAAGGGACCTTGATAATAGGC
SNORA71A,CTCCTGCATCCGAAAGTGATCATAGGCTGCCTGTGCCTAGGTCATTGATAGTGCAGGGAGAGGAACGCTGAAAGAGGTTGTCCCCGTGTTTGGAGGGTCCACCCTATCCCATCCGAACCCTGAAGCTTTCACACAACT
SNORA71C,CCCTGCATTCGAAAGTGATCATGAGCTGCCCGTGCCCTGGTCATTGGTAGTGCAGGGAGAGGAACTGCCGAGAGCACTTCCCCGTGTTTGGAGGGTCCACTCCTGTCTCTTCCAAACCCTGGAGCTTTCCCACA
SNORA71D,ACCTGTATTCGAAAGTGATCGTGGGCTGCCTGTGCCCTGGTCATTGATAGTGCAGGGAGAGAAATCGCGGAAAGTGCTTCCCCGTGTTTGGAGGGTCCGCTCCTGTCCCTTTCAAACTCTGGAGCTTTCTCACA
SNORA73A,TCCAACGTGGATACACCCGGGAGGTCACTCTCCCCGGGCTCTGTCCAAGTGGCGTAGGGGAGCATAGGGCTCTGCCCCATGATGTACAAGTCCCTTTCCACAACGTTGGAAATAAAGCTGGGCCTCGTGTCTGCGCCTGCATATTCCTACAGCTTCCCAGAGTCCTGTCGACAATTACTGGGGAGACAAACCATGCAGGAAACAGCC
SNORA74A,ATCCAGCGGTTGTCAGCTATCCAGGCTCATGTGGTGCCTGTGATGGTGTTACACTGTTGGAAGAGCAAACACTGTCTTTATTGAGGTTTGGCTCCAAGCACTGTTTTGGTGTTGTAGCTGAGTACCTTTGGGCAGTGTTTTGCACCTCTGAGAGTGGAATGACTCCTGTGGAGTTGATCCTAGTCTGGGTGCAAACAATT
SNORA7B,GACCTCCTGGGATCGCATCTGGAGACTGCCTAGTATTCTGCCAGCTTCGGAAAGGGAGGGAAAGCAAGCCTGGCAGAGGCACCCATTCCATTCCCAGCTTGCTCCGTAGCTGGTGATTGGAAGACACTCTGCGACAGTG
SNORA9,TAGCAAGCCTCCAGCGTGCTTGGGTCTGCGGTGACCCTATGCATTCCTTCAGTGCTTGCTAGAACAGTTTTGAAACGGTTTGAGGCCTTGCCCTGCTCCATCCAGAGCAAGGTTATAGAAATTTCAGACAATG
ENSG00000207118,TCGCTATGATGATGGATTCCAAAACCATTCGTAGTTTCCACCAGAAAGTCTTATGTTGGCCAGTTCCTTCCTTGGATGTTTGAGCGA
ENSG00000263442,GCCATATGATGTTTTCTTTTCGAAAGGTGAGCGCTTTGCGCAGTGATGACCCTCATCTATCACCCTTGACTGATGGCT
SNORA17A,ACTGCCCCTAGAGGCGTTGCAGCTGTGGCTGCCGTGTCACATCTGTGTCATTAGGTGGCAGAGATTAGAGAGGCTATGTCTACGCTCAGCGTTCTGCCCCGTGAACGTTTGAATGTTTGATAGTCTCACACTC
SNORD118,ATCGTCAGGTGGGATAATCCTTACCTGTTCCTCCTCCGGAGGGCAGATTAGAACATGATGATTGGAGATGCATGAAACGTGATTAACGTCTCTGCGTAATCAGGACTTGCAACACCCTGATTGCTCCTGTCTGATT
SNORD18A,CAGTAGTGATGAAATTCCACTTCATTGGTCCGTGTTTCTGAACCACATGATTTTCTCGGATGTTCTGATG
SNORD28,GTCAGATGATTTGAATTGATAAGCTGATGTTCTGTGAGGTACAAAAGTTAATAGCATGTTAGAGTTCTGATGGCA
SNORD4A,GGTGCAGATGATGACACTGTAAAGCGACCAAAGTCTGAACAAAGTGATTGGTACCTCGTTGTCTGATGCACC
SNORD96B,CCTGGTGATGACAGACGACATTGTCAGCCAATCCCCATGTGGTAGTGAGGACATGTCCTGCAGTTCTGAAGG
RNU105B,CCAATGTGGATACACCCAGGAGGTCACTCTCTCCCCAGGCTGTGTCCAAGTAGCATAGGGGAGCACAGGGCTCTGTCCCCATGATGTACTGTCCTTTTCCATGACATTGGAGATGAAGCTGGACCTCAACTCTGCACATGCATATTCCTACAACTTCTCAGAGTCCTGTGGATAATGACGGAGGAGAGAAACCATGCAGGAAACAGCC
SNORD112,TGGACCAATGATGAGAGCATGTCACAAAACAAGGCTTATGATTAATCCAGTTCTGTACACCTGAGGTCCAAT
SNORD112-114,TGGACCAATGATGAGACAGTGTTTATGAACAAAAGATCATGATTAATCCAGTTCTGCACAAAACACTGAGGTCCATT
SNORD113,TGAATCAATGGTGACCACTGGTGGCATATAAGTCATGGATGATGAATATGAGAAGAAAAGAATCTAGGTTTTT
SNORD-114,TGGACCTATGATGATGACTGGTGGCGTATGAGTCATTGACGGTGAATACAGGTCTGGAAGTCTGAGGTCCAA
SNORD114-1,TGGACCTATGATGATGACTGGTGGCGTATGAGTCATTGACGGTGAATACAGGTCTGGAAGTCTGAGGTCCA
SNORD102,AGCTTAATGATGACTGTTTTTTTTGATTGCTTGAAGCAATGTGAAAAACACATTTCACCGGCTCTGAAAGCT
SNORD105B,CCACATGCGGCTGATGACAGCACTTCTGCTGAGACGCTGTGATTGCTCTGTCCAAAGTAAACGCCCTGACGCACTGTGG
SNORD110,TTGCAGTGATGACTTGCGAATCAAATCTGTCAATCCCCTGAGTGCAATCACTGATGTCTCCATGTCTCTGAGCAA
SNORD113-3,TAGACCAATGATGAGTATTCTGGGGTGTCTGAATCAATGATTTTGATTAAACCCTGTAACTCTGAGGTCCA
SNORD113-6,TGGACCAGTGATGAATATCATGGGGTTTCTGAAACAACATTTTTGATTAAACCCATCTGCAACTCTGAGGTCCA
SNORD113-7,TGGATCAATGATGAGTATGCGTGGGGCATCTGAATCAAATATTCTGATTATACCCTGTCTGTATCTCTGAGGTCCA
SNORD113-8,TGGACCAATGATGAGATTGGAGGGTGTCTGAATCAAAAATTTTGATTAAAGCCATCTGTAACTCTGAGGTCCA
SNORD113-9,TGGATCAATGATGAGTACCCTGGGGTGTCTGAATCTTGGATTTTGATTAAACCCTATAACTCTGAGGTCCA
SNORD114-12,TGGACCAATGATGACAAATACCGGCGTATGAGTCTTGGATGATGAATAATACGTGTCTGGAACTCTGAGGTCCA
SNORD114-22,TGGATCGATGATGACTACCGGTGGCGTATGAGTCATATGTGATGAATACGTGTTTGGAACTCTGAGGTCCAT
SNORD114-23,TGGATCGATGATGACTACTGGTGGCGTATGAGTCATAGACAATGAATACGTGTCTGGAACTCTGAGGTCCA
SNORD114-26,TGGATCGATGATGAGCACTGGTGGAGTATGAGTCACATACGATGAATACGTGTCTGGAACTCTGAGGTCCA
SNORD115-10,GGGTCGATGATGAGAACCTTATATTGTCTGAAGAGAGGTGATGACTTAAAAATCATGCTCAATAGGATTACGCTGAGGCCC
SNORD115-15,GGGTCGATGATGAGAACCTTATATGTTCTGAAGAGAGGTGATGACTTAAAAATCATGCTCAATAGGATTACGCTGAGGCCC
SNORD115-16,GGGTCAATGATGAGAACCTTATATTATCCTGAAGAGAGGTGATGACTTAAAAATCATGCTCAATAGGATTACGCTGAGGCCC
SNORD115-21,GGGTCGATGATGAGAACCTTATATTTTCTGAAGAGAGGTGATGACTTAAAAATCATGCTCAATAGGATTACGCTGAGGCCC
SNORD115-23,GGGTCAATGATGAGAACCCTATATTGTGTTGAAGAGAGGTGATGACTTAAAATTACCATGCTCAATGATTACGCTGAGGCCC
SNORD115-32,GGGTCAATGATGAGAACCTGATATTGCCCTGAAGAGAGATGATGACTTAAAAATCATGTTCAATAGGATTACGCTGAGGCCT
SNORD115-33,GGGTCAATGATGAGAACCGTATATTGTCCTGAAGAGCGGTGATGACTTAAAAATAATGCTCAATAGGATTACGCTGAGGCCC
SNORD115-40,GGGTCGATGATGAGAACCTTATATTTTCCTGAAGAGAGGTGATGACTTAAAAATCATGCTCAATAGGATTACGCTGAGGCCC
SNORD115-42,GGGTCGATGATGAGAACCTTATATTGTTCTGAAGAGAGGTGATGACTTAAAAATCATGCTCAATAGGATTACGCTGAGGCCC
SNORD115-8,GGGTCAATGATGAGAACCTTACATTGTTCTGAAGAGAGATGATGACTTAAAAATCATGCTCAATAGGATTACGCTGAGGCCC
SNORD116-15,GGATCGATGATGACTTCCATATATACATTCCTTGGAAAGCTGAACAAAATGAGTGAAAACTCTATACCGTCATCCTCGTCAAACTGAGGTCC
SNORD116-21,GGATCGATGATGACTTCCACATATACATTCCTTGGAAAGCTGAACAAAATGAGTGAAAACTCTATACCGTCATCCTCGTCGAACTGAGGTCC
SNORD116-24,GGATCGATGATGACTTTTATACATGCATTCCTTGGAAAGCTGAACAAAATGAGTGAAAACTCTATACCGTCATCTTCGTTGAACTGAGGTCC
SNORD116-29,GGATCGATGATGACTTAAAAAAATGGAAACCTTGGAAATCTGAACAAAATGAGTGACCAAGACACTTCTGTGAGCTGAGGTCC
SNORD15A,CTTCGATGAAGAGATGATGACGAGTCTGACTTGGGGATGTTCTCTTTGCCCAGGTGGCCTACTCTGTGCTGCGTTCTGTGGCACAGTTTAAAGAGCCCTGGTTGAAGTAATTTCCTAAAGATGACTTAGAGGCATTTGTCTGAGAAGG
SNORD32A,AGGTCAGTGATGAGCAACATTCACCATCTTTCGTTTGAGTCTCACGGCCATGAGATCAACCCCATGCACCGCTCTGAGACCT
SNORD36B,GTTGCAGTGATGTAAAATTTCTTGGCCTGAAATTACTGTGAAGAGTAAAACCGAGCTTTTTAACACTGAGT
SNORD37,ATTCGTGATGACTGATCATTTCTTCACTTTGACCAGATGTCTACTGAAGAAAGCCTGCGTCTGAGG
SNORD42A,GCTAATGATGGAAAAATCATTATTGGAAAAGAATGACATGAACAAAGGAACCACTGAAGTG
SNORD42B,GTGCATATGATGGAAAAGTTTTAATCTCCTGACACTTGTGATGTCTTCAAAGGAACCACTGATGCAC
SNORD52,GGGAATGATGATTTCACAGACTAGAGTCTCCGATGCTGGTCATGATGTCAAAACTAAGTTCTGACTC
SNORD59A,CCTTCTATGATGATTTTATCAAAATGACTTTCGTTCTTCTGAGTTTGCTGAAGCCACATTTAGGTACTGAGAAGG
SNORD6,GATGTTATGATGATGGGCGAAATGTTCAACTGCTCTGAAGGGGCTGAATGAAAATGGCCTTTCTGAACATC
SNORD60,AGTCTGTGATGAATTGCTTTGACTTCTGACACCTCGTATGAAAACTGCACGTGCAGTCTGATTATTTAGCAAGACTGAGGCTT
SNORD61,GCTATGATGAATTTGATTGCATTGATCGTCTGACATGATAATGTATTTTTGTCCTCTAAGAAGTTCTGAGCTT
SNORD64,GGATTTATAATGAGCTGTGTTTACTGAGCATTATGAAGTAAAGTTCAATATGATTACTCTGAAGTCT
SNORD68,TGATGACATTCTCCGGAATCGCTGTACGGCCTTGATGAAAGCACATTTGAACCCTTTTCCATCTGATTGCTGAGGCTTTTCATC
SNORD69,AATGTGAAGCAAATGATGATAAACTGGATCTGACTGACTGTGCTGAGTCTGTTCAATCCAACCCTGAGCTTCATGTT
SNORD83B,GCTGTTCAGTGATGAGGCCTGGAATGTGCGCTGGGCACAGCGCCCGAGACAGACTGCGGAACCGTTCCTTGTTGCCTTCCTTCTGAGAACAGC
Snord90,AAGTTTTCTAAGTGTCTAATGATGAATTTCATAGGGCAGATTCTGAGGTGAAAATTTAATTCATCACTGATACTCCTACTGTGGAATCTGAAGACACTTGAAAACGT
SNORD93,TGGCCAAGGATGAGAACTCTAATCTGATTTTATGTGCTTCTGCTGTGATGGATTAAAGGATTTACCTGAGGCCA
SNORA11B,GGGGTGTGCTCAGAGCAGGGGGCCCGAAGAATGCCTCCTCTGTTTACAACACACCCAATAGGAATCTGGGGTCATTGTGACAAGGGACACAGAGCTTGTGACCTCCCTACAAACAAATGCCCTACACAT
SNORA71B,CCTGTATTCGAAAGTGATCGTGGGCTGCCTTTGCCCTGGTCATTGATAGTGCAGGGAGAGGAATCAATGAAAGCGCTTCCCCGTGTTTGAAGGGTCCACTCCTATCCCTTCCAAACTCTGGAGCTTTCGTACATGC
SNORD117,GCCAAATGATGTTTATTTGAAACAGGAGCACCTCAGTGCAAGGACGACTCTTATCTATCACCCATGACTGATGGCT
SNORD15B,CTTCAGTGATGACACGATGACGAGTCAGAAAGGTCACGTCCTGCTCTTGGTCCTTGTCAGTGCCATGTTCTGTGGTGCTGTGCACGAGTTCCTTTGGCAGAAGTGTCCTATTTATTGATCGATTTAGAGGCATTTGTCTGAGAAGG
SNORD22,TCCCAATGAAGAAACTTTCACATGTCTTACTCTCTGTCCTAGTCCCAGAGCCTGTAAAGGTGAACCCACTGGGACTGGCTGGGGGAGAAGAGGAAGATTTGTTCCAGAAGGAACTGTCTGAGGGAT
SNORD33,GGCCGGTGATGAGAACTTCTCCCACTCACATTCGAGTTTCCCGACCATGAGATGACTCCACATGCACTACCATCTGAGGCCAC
SNORD3A,AAGACTATACTTTCAGGGATCATTTCTATAGTGTGTTACTAGAGAAGTTTCTCTGAACGTGTAGAGCACCGAAAACCACGAGGAAGAGAGGTAGCGTTTTCTCCTGAGCGTGAAGCCGGCTTTCTGGCGTTGCTTGGCTGCAACTGCCGTCAGCCATTGATGATCGTTCTTCTCTCCGTATTGGGGAGTGAGAGGGAGAGAACGCGGTCTGAGTGGT
SNORD50,CATCTGTGATTATCCTATTCTGAACCTGAATTTCTACTAGAAAAAACTTATATGAATCTGGCTTCTGAGAT
SNORD78,CTGTAATGATGTTGCTCAAATATCTGACCTGAAATGATTATATAGACCAATTTAATACTGAAGAA
SNORD82,ACAGCACAAATGATGAATAACAAAGGGACTTAATACTGAAACCAGATGTTACATTGTAGTGTGCTGATGTGCTGT
SNORD89,ACTGAGGAATGATGACAAGAAAAGGCCGAATTGCAGTGTCTCCATCAGCAGTTTGCTCTCCATGGGCACACGATGACAAAATATCCTGAAGCGAACCACTAGTCTGACCTCAGT
SNORD94,CAGGCTGTGATGATTGGCGCAGGGGTACGGACCTCAGCTGAGTCATGGGAGCTGAATGTATGTGTTTCTCCTTTGTCCTGCATGTGGCAGGCTGATGGGGAGCACTTACATGAGACTGTTGCCTCAATCTGAGCCTG
SNORD97,TTGCCCGATGATTATAAAAAGACGCGTTATTAAGAGGACTTTATGCTGGAGTTCTTGACGTTTTTCTCTCTTTTCTATACTTCTTTTTCTTTCTTTGAATGTCCAGCGTCCTGTGAGCGAAGATTATGAGATATGAGGGCAA
SNORD50A,TATCTGTGATGATCTTATCCCGAACCTGAACTTCTGTTGAAAAAAAAAAACTTTTACGGATCTGGCTTCTGAGAT
snoRNAU50,TAATCAATGATGAAACCTATCCCGAAGCTGATA
SNORD43,CACAGATGATGAACTTATTGACGGGCGGACAGAAACTGTGTGCTGATTGTCACGTTCTGATT
SNORA16A,TTGGCCCTTATCGAAGCTGCAGCTGCTTCCGCATAGCTGCTGTGGTCAAAAAGGAGCCCAGAGTGACAGTTTTCCTTGACGGTCGCCGTTCTGTTTGTTGTAACTGATCTGCAACATTTTGGGAAAATACAGTT
SNORA17B,CCTGGACCTGTTGGCACCACAGACAGTTGCTCTGCTGTGCCTGTGGCCTCGGGGCAAAGAGAAAGTGGCGATTTCTACACTCAGTGCTCGGGAACCAGTGGGCACTGAGAATGGTTTATGGCCTGACATT
SNORA24,CTCCATGTATCTTTGGGACCTGTCAGCCGTGGCAGTCTCCCTTCCTAGCCATGGAAGAGCATATCCTTGTTTATTGGCAAAGCTGTCACCATTTAATTGGTATCAGATTCTGACTTGCACAAGTAACATTC
SNORA31,CTGCATCCACTGATAGACCTTGAACAATTTACTGTTGTTCTTTTGGTTTGCACTAGGATGCAAAAGAAAGAAATCCCTGCGCTTTCTGTCTGTCTTTGTGGCGGCCCAGATTGAATTGGGGAATACATCT
SNORA50C,GCGCTGTCTTTGAGCCCCCGCCGAGCTTCCTCGTGGCGCCGGGGGTCAATCTGCAGCGCTAGAGCATGTGCTTGCGCATAACTGGGGCCGCCTGGCCTCCCGCGGGCGGCCTTTTTAACCGCGAGCGACAAGA
SNORA78,GTTGGTTGAAAATCGCCCCCGGCTTTGGCCGTGGCCGCGGGTGAGATTCGGCGCCCAGAGCCCCCGGGGGCCTCAGCTCACCGCGCGCTGCCCCATGTGCGGCGGTGAAACCCAGGCCCCGACAGGC
SNORA80A,GCATGGGTTTGGATTTATGATGGGCCCGTCCCCCTGGACCTCTCATAGTACCCCATGCCAGAGCAAACTGTAGCCCTGAACCATTGCCTGGCCTCTGTTCCCGTAGGCTGCTGGCACTGAAGTGGGTTGCACAATA
SNORD10,GCTCTGTGATGGAGCCCATGCGTGTCATCTGAGCCTCTGGCTTCCCTGCCAGTGCAGCCCTGGCAGTGTCCTACTTCCCAGGGCTGTTGTCTGCCTGGCGGGAAGGTCCTGGGCAAAGGATCAGTCTTTGTACTCTGAGAGC
SNORD101,GTTTGAATGATGACTTTAATTGTCGGATACCCCTTCACTCCTTTTATGAGTGAAACATAAGAGTCTGACAAAC
SNORD103C,GACTGGCAAGGATGATACACACTTGCCCTCACTTAGACTATAGTTCACTGATGAGAGCATTGTTCTGAGCCAGTC
SNORD104,GGCCTGCTGTGATGACATTCCAATTAAAGCACGTGTTAGACTGCTGACGCGGGTGATGCGAACTGGAGTCTGAGCCTGCC
SNORD105,CCCCTATCTCTCATGATGAACACATATGCCTCTGAGCTGCTGTGATTTCTGGCTTCAAAGTAAACGCTCTGAAGAAGAGATGGGG
SNORD11,TGATTCAACTATGATTTTTATTTGTTTGACTGATTTCCTTTTGGATAATGAAGGTATCTTTAGTCACCATATCTTCTGAGACAT
SNORD111,CAGCCTGAAATGATGACTCTTTAAAAAATTTCATGTCTCTTCTCTGACATTTTTCTCTGGACACAGTTTTTGCCTTATGAATCTGATCAGGCTG
SNORD114-13,TGGACCAGTGATGACCACTGGTGGCATATGAGTCATACACATGAACACCATGTTTCTAGAACTCTGAGGTCCA
SNORD114-14,TGGACCAATGATGACAACTGCCGGCGTATGAGTGTTGGGTGATGAATAATACGTGTCTAGAACTCTGAGGTCCA
SNORD114-15,TGGATCGATGATGACCACTGGTGGCGTATGAGTCATACATGATGAATATGTGTCTGGAACTCTGAGGTCCT
SNORD114-17,TGGACCAATGATGACAAATGGTGGCATTGGAGTTATGGACGATGAATGATATGTGTCTGAAACTCTGAGGTCCAA
SNORD114-20,TGGATCGATGATGACTACTGGTGGCGTATGAGTCATCTACAGTGAATACGTCTCTGGAACTCTGAGGTCTG
SNORD114-21,TGGATCAATGATGACCACTGGTGGCGTATGAGTCATATGTGATGAATACGTGTCTGGAACTCTGAGGTCCA
SNORD114-25,TGGATCGATGATGACTACTGGTGGCGTATGAGTCTTTTGCGATGAATACGTGTCTAGAACTCTGAGGTCCG
SNORD114-28,TGGATCGATGATGACTGCTGGTGGCGTATGAGTCATATGCGATGAATACGTGTCTAGAACTCTGAGGTCCA
SNORD114-29,TGGATCGATGATGACTACTGGTAGCATGAGTCATATACAGTGAATACATGTCTGGAACTCTGAGGTCTG
SNORD114-3,TGGACCAATGATGACCACTGGTGGCGTTTGAGTCATGGACGATGAATACTACGTGTCTGAAACTCTGAGGTCCA
SNORD114-5,TGGATTGATGATGACCACTGGTGGCCTATGAGTCATACAATGAATACGTGTCTAGAACTCTGAGGTCCA
SNORD114-9,TGGATCGATGATGACTGCTGGTGGCGTATGAGTCTTACATGATGAATACGTGTCTGGAACTCTGAGGTCCA
SNORD115-2,GGGTCGATGATGAGAAGCTTCTGTTTTCTTGAAGAGAGGTGATGACTTAAAAATCATGCTCAATAGGATTATGCTGAGGCCC
SNORD115-28,GGGTGGTGATGAGAACCTTGTATTCTTCTGAAGAGAGGTGATGACTTAAAAACCATGCTCAATAGGATTACACTTAGGCCG
SNORD116-1,GGATCGATGATGAGTCCCCTATAAAAACATTCCTTGGAAAAGCTGAACAAAATGAGTGAGAACTCATAACGTCATTCTCATCGGAACTGAGGTCC
SNORD116-16,GGATCGATGATGACTTTCATACATGCATTCCTTGGAAAGCTGAACAAAATGAGTGAAAACTCTATACCGTCATCCTCGTCGAACTGAGGTCC
SNORD116-2,TGGATCGATGATGAGTCCCCAAAAAAAACATTCCTTGGAAAAGCTGAACAAAATGAGTGAAAACTCATACCGTCATTCTCATCGGAACTGAGGTCCA
SNORD116-20,TGGATCGATGATGACTTCCATATATACATTCCTTGGAAAGCTGAACAAAATGAGTGAAAACTCTATACTGTCATCCTCGTCGAACTGAGGTCCA
SNORD116-25,GGATCGATGATGACTTTAAAATGGATCTCATCGGAATCTGAACAAAATGAGTGACCAAATCACTTCTGTGCCACTTCTGTGAGCTGAGGTCC
SNORD116-3,GGATCGATGATGAGTCCCCCATAAAAACATTCCTTGGAAAAGCTGAACAAAATGAGTGAGAACTCATACCGTCGTTCTCATCGGAACTGAGGTCC
SNORD119,GCTGGATTAATGATGAGATATAACCTTGACTGAAGCTGATGATGAGTTTGTATAATTAAGCAGGATTACTCTGAGATCCAGC
SNORD12,GCCTTTGCAGCTGATGATACAGCTTCTTTCCCCATCAGATCGACCCTGTTGATCTCTACACTATTGGCCAGTTTTGTCTGATGCATTGGC
SNORD121B,CTGGAAAAGACAATGATGTTTTATTTCCAAGCACATATCTGAGTTGTATGTGTGGACAGCACTGAGACTGAGTCTTTCCAC
SNORD123,GGTGAAAATGATGAATTCTGGGGCGCTGATTCATGTGACTTGAAAAATGCCATCCATTTCCTGATTCACC
SNORD124,TGGTCTCAAGGAAGGGATGATGTTCCAGTTGAGACTCAAGAAAAGGATTCTGAGCCTCAGAGCTTTGAAGGAGCCACTTGGTCCCTGACCTTCCTAGAGGCAAA
SNORD125,ACCCCTGGCAGCCCCTCCTGATGATTCTTCTTCCTGAGCACGCTCATGATGAGCAAACTGAGCCTCTAAGAAGTTGACTGAAGGGGCTGCTTCCCC
SNORD126,CTCAGTCATTTACAGTTTGCCATGATGAAATGCATGTTAAGTCCGTGTTTCAGCTGATCAGCCTGATTAAACACATGCTCTGAGCAGACTAAAGCTAGG
SNORD127,TGGCAACTGTGATGAAAGATTTGGTCTGTATGTAATAGATTTTATTACTAAATGAGGACAACAGTCCCTCTAAACTGATGTTGCCA
SNORD12B,GCTGGCATATATGATGACTTAGCTTTTTTCCCCGACAGATCGACTATGTTGATCTAACTTTTCTAAGCCAGTTTCTGTCTGATATGCCAGC
SNORD12C,TGTAAATGATGACTTCACTTTTTTCCCCATCAGATCGACAATGCTGACGTCTTATATTTTGCCAGTTAGTTCTGATACA
SNORD13,ATCCTTTTGTAGTTCATGAGCGTGATGATTGGGTGTTCATACGCTTGTGTGAGATGTGCCACCCTTGAACCTTGTTACGACGTGGGCACATTACCCGTCTGACC
SNORD14A,TCACTATGATGATTGGTTGCCAGACATTCGCAGTTTCCACCAGAAATGTTTTTCCTTATGTTGGCCAGTTCTTCCTTGGATGTCTGAGTGAG
SNORD14B,TCACTGTGATGATGGTTTTCCAACATTCGCAGTTTCCACCAGAAAGGTTTTCCTTAGTGTTGGGTAAACCTTCCTTGGATGTCTGAGTGAG
SNORD14C,TCGCTGTGATGAGTGATTGTTAAACATTCGTAGTTTCCACCAAAAGCTTGGCTAATGATGGCAACACCTTCCTTGGATGTCTGAGCGA
SNORD14D,TCGCTATGATGATGGATTCCAAAACCATTCGTAGTTTCCACCAGAAAGTCTTATGTTGGCCAGTTCCTTCCTTGGATGTTTGAGCGA
SNORD14E,TCACAATGATGAATGGTCCAAAACATTCGCGGTTTCCACCAGAATTCAAGGTGTTGGCAACTACCTTCCTTGGATGTCTGAGTGA
SNORD16,TGCAATGATGTCGTAATTTGCGTCTTACTCTGTTCTCAGCGACAGTTGCCTGCTGTCAGTAAGCTGGTACAGAAGGTTGACGAAAATTCTTACTGAGCAA
SNORD18,TGTGTATGATGAGATTTCACTTCATGGTCTGTGTTTCTGAAACACATGATGTTGTGGAAGTTCTGATTTG
SNORD18B,TCAAAATGATGAGATTCCACTTAATTGGTCCGTGTTTCTGAAACACATGATATTTGTGGAAATTCTGACT
SNORD18C,TTGTTATGATGAGATTCCACTTAAGGTCCGTGTTTCTGAAACAAATGATTTTGTGGAAGTTCTGATT
SNORD19,AAGAAATGAAGAAACTAAAATTGGTCTTAGTATTGAAGTGAAGACACTGAGATCCAACTCTGATCTTGCCCTAAAC
SNORD19B,TTTTGGTTGAAATATGATGAGTGTACAAAATCTTGATTTAAGTGAATGAAAAATTACAAGATCCAACTCTGATTTCAGCCAGAG
SNORD1A,CACAAGCCTATGATGGTTAGTTATCCCTGTCTGAAAATCTGGACTGAGGGAAATAATCTATTCTGAGGCTTAAG
SNORD1B,GCTGAGTCCATGATGATTTCAAGTTATCCCTGTCTGAAGGCAAAGAAAGGCCTTTCTGTGTGGAATTTGAATATCTGAAACTCAGT
SNORD1C,CTGAGCTGAGGATGATTTAAAGTTATCCCTGTCTGAAATGGTATCTTTTGTGAGGAGGTCTGACTTGCTGAGGCTCAG
SNORD2,AAGTGAAATGATGGCAATCATCTTTCGGGACTGACCTGAAATGAAGAGAATACTCATTGCTGATCACTT
SNORD20,TGGATATGATGACTGATTACCTGAGAAATAATTGATGAAATCTCAAGAAAATTCCTCTAGATAGTCAAGTTCTGATCCAG
SNORD21,GCTGAATGATGATATCCCACTAACTGAGCAGTCAGTAGTTGGTCCTTTGGTTGCATATGATGCGATAATTGTTTCAAGACGGGACTGATGGCAGC
SNORD24,TGCAGATGATGTAAAAGAATATTTGCTATCTGAGAGATGGTGATGACATTTTAAACCACCAAGATCGCTGATGCA
SNORD25,TTCCTATGATGAGGACCTTTTCACAGACCTGTACTGAGCTCCGTGAGGATAAATAACTCTGAGGAGA
SNORD26,CTACGGGGATGATTTTACGAACTGAACTCTCTCTTTCTGATGGATTAGTGGAGAAAACAGAAAATTCTGAGTAGC
SNORD27,ACTCCATGATGAACACAAAATGACAAGCATATGGCTGAACTTTCAAGTGATGTCATCTTACTACTGAGAAGT
SNORD31,CACCAGTGATGAGTTGAATACCGCCCCAGTCTGATCAATGTGTGACTGAAAGGTATTTTCTGAGCTGT
SNORD34,CGTCCATGATGTTCCGCAACTACCTACATTGTTTGATCCTCATGAAAGCAGCACTGGCTGAGACGC
SNORD35A,GGCAGATGATGTCCTTATCTCACGATGGTCTGCGGATGTCCCTGTGGGAATGGCGACAATGCCAATGGCTTAGCTGATGCCAGGAG
SNORD35B,TGGCAGATGATGTTTGTTTTCACGATGGTCTTCAGATGCCCACGTGGGCACTGCTGAGAAAGCCACTTGGTAAAACTGATGCCGGAAA
SNORD36,TTCCTAAAGATTCACAATGAACATTATTATTTAAGAGCTTTTTGAAGTGCAAATCCATGAGCTTTTTAACCCTGAGCAAT
SNORD36A,TTGCAATGATGTGAATCTCTCACTGAATTCAACCTTGAAGTGCGAATCCATGAGCTTTTTAACCCTGAGCAA
SNORD38A,TTCTCGTGATGAAAACTCTGTCCAGTTCTGCTACTGAAGGGAGAGAGATGAGAGCCTTTTAGGCTGAGGAA
SNORD38B,TCTCAGTGATGAAAACTTTGTCCAGTTCTGCTACTGACAGTAAGTGAAGATAAAGTGTGTCTGAGGA
SNORD3B-1,AAGACTATACTTTCAGGGATCATTTCTATAGTGTGTTACTAGAGAAGTTTCTCTGAACGTGTAGAGCACCGAAAACCCCGAGGAAGAGAGGTAGCGTTTTCTCCTGAGCGTGAAGCCGGCTTTCTGGCGTTGCTTGGCTGCAACTGCCGTCAGCCATTGATGATCGTTCTTCTCTCCGTATTGGGGAGTGAGAGGGAGAGAACGCGGTCTGAGTGGT
SNORD3B-2,AAGACTATACTTTCAGGGATCATTTCTATAGTGTGTTACTAGAGAAGTTTCTCTGAACGTGTAGAGCACCGAAAACCCCGAGGAAGAGAGGTAGCGTTTTCTCCTGAGCGTGAAGCCGGCTTTCTGGCGTTGCTTGGCTGCAACTGCCGTCAGCCATTGATGATCGTTCTTCTCTCCGTATTGGGGAGTGAGAGGGAGAGAACGCGGTCTGAGTGGT
SNORD3C,AAGACTATACTTTCAGGGATCATTTCTATAGTGTGTTACTAGAGAAGTTTCTCTGAACGTGTAGAGCACCGAAAACCACGAGGAAGAGAGGTAGCGTTTTCTCCTGAACGTGAAGCCGGCTTTCTGGCGTTGCTTGGCTGCAACTGCCGTCAGCCATTGATGATCGTTCTTCTCTCCGTATTGGGGAGTGAGAGGGAGAGAACGCGGTCTGAGTGGTTTTTCCTTCTTGATGGCTCAATGACAGAGACTAGCTCGTAAACTCCGGGGCGTTTCTGGGCTGTTCGCTCCTGCTTGGCATGTCGCGAGAAAGGTTTTCGCCTCCTGTTTCAGCGGTGACGGCTCTTGGGTTTTCTCGGGGTGGCTTTTTAATTTTAGTCTTGGCGCGAGGCGGGGGATGCTGTGTGGCACCTCCTATTGTCTCTTTTTGCGTTTTCTCCCATTCTCGCTCCCTCTTTTGTCGCCGTTTCCCGCCCGCCACTCCCACCCCCAGACGGGGTCTCCGGGTCTCTTGTTCTGTCTGCCGGCCCCGGCTGGATTGCAGTGGCGCGATCTCGGCTCCTAGCAACATCTGCCTCCCGGGC
SNORD3D,AAGGCTATACTTTCAGGGATCATTTCTATAGTGTGTTACTAGAGAAGTTTCTTTGAACGTGTAGAGCACCGAAAACCCCGAGGAAGAGAGGTAGCGTTTTCTCCTGAGCGTGAAGCCGGCTTTCTGGCGTTGCTTGGCTGCAACTGCCGTCAGCCATTGATGATCGTTCTTCTCTCCGTATTGGGGAGTGAGAGGGAGAGAACGCGGTCTGAGTGGT
SNORD3P3,AAGACTATACTTTCAGGGATCATTTCTATAGTTTGTTACTAGAGAAGTTTCTCTGAACGTGTAGAGCACTAAAATGCTAATTATCCAAAGAGACCCATGTCACTGAGATGCTTTTCCCCATTCTCCCAGC
SNORD41,TGGGAAGTGATGACACCTGTGACTGTTGATGTGGAACTGATTTATCGCGTATTCGTACTGGCTGATCCTG
SNORD44,CCTGGATGATGATAAGCAAATGCTGACTGAACATGAAGGTCTTAATTAGCTCTAACTGACT
SNORD45A,GGTCAATGATGTGTTGGCATGTATTATCTGAATCTATTGCTGATGTGTAATAACACTTTAGCTCTAGAATTACTCTGAGACCTT
SNORD45C,GGTCAATGATGAGTTGGCATGTATTCTGAATCTAAAGTTGATTATTACTACTTTAGCTCTAGAATTACTCTGAGACCTG
SNORD46,GTAGGGTGATGAAAAAGAATCCTTAGGCGTGGTTGTGGCCGTCTTGGTCACCTGTGTGCCACTTGCCAATGCAAGGACTTGTCATAGTTACACTGACT
SNORD47,AACCAATGATGTAATGATTCTGCCAAATGAAATATAATGATATCACTGTAAAACCGTTCCATTTTGATTCTGAGGTT
SNORD48,AGTGATGATGACCCCAGGTAACTCTGAGTGTGTCGCTGATGCCATCACCGCAGCGCTCTGACC
SNORD49A,TGCTCTGATGAAATCACTAATAGGAAGTGCCGTCAGAAGCGATAACTGACGAAGACTACTCCTGTCTGATT
SNORD49B,TGTCCTGATGATACTTGTAATAGGAAGTGCCGTCAGAAGCGATAACTGACGACGTCTAATGTCTATCTGACC
SNORD4B,GGGTGCAAATGATGCATATGTTAGCGACCAAAGCCTGATCTTTGCTGATTAGTCATAATTAACTGACTGCACCC
SNORD5,GTTCAGATGATGAATTTAACTGTTCAACTGCTGAATGATAACGGGCATGAACTAAAACTTAATTCTGACAGAG
SNORD51,GTTGCATGATGAATAAAATCAAATCACCATCTTTCGGCTGAGTTCGTGATGGATTTGCTTTTTTCTGATT
SNORD53,ATGCTATGATGACATCCATATGGTTTCGCTGCTGGCTGAGTTTCAGAGATGACACCTTTCTCTTGGCTGTCTGAGCAT
SNORD54,TGGCGATGAGGAGGTACCTATTGTGTTGAGTAACGGTGATAATTTTATACGCTATTCTGAGCC
SNORD55,CGTGTATGATGACAACTCGGTAATGCTGCATACTCCCGAGTGCGCGGTGGGGAAGCCAACCTTGGAGAGCTGAGCGTGCG
SNORD56,CTACAAAGATAGCAACACTTTTCATCAACAGCAGTTCACCTAGAGAGAGTCGACACTTTTTGTCTGAGTGA
SNORD57,TGGAGGTGATGAACTGTCTGAGCCTGACCTTGTAGAATGGAGGCAAAAAAACTGATTTAATGAGCCTGATCC
SNORD58,CTGTGATGATGGCATTTCTTAGGACAATTTTGGATTAATTATGAAAACAACTACTCTCTGAGCAAT
SNORD58A,CTGCAGTGATGACTTTCTTAGGACACCTTTGGATTTACCGTGAAAATTAATAAATTCTGAGCAGC
SNORD58B,CTGCGATGATGGCATTTCTTAGGACACCTTTGGATTAATAATGAAAACAACTACTCTCTGAGCAGC
SNORD58C,GTAGAAAGATTTGTGGTTGCTGTGATGACTATCTTAGGACACCTTTGGAATAACTATGAAAGAAAACTATTCTGAGCAACCCTTTCACCT
SNORD59B,CCTCACTGATGAGTACGTTCTGACTTTCGTTCTTCTGAGTTTGCTGAAGCCAGATGCAATTTCTGAGAAGG
SNORD62A,TCTCAGTGATGTAATTCCAATAGATCCTTCTGACCCTCCACTGTGGACTCAATAGCAGGGAGATGAAGAGGACAGTGACTGAGAGA
SNORD62B,TCTCAGTGATGTAATTCCAATAGATCCTTCTGACCCTCCACTGTGGACTCAATAGCAGGGAGATGAAGAGGACAGTGACTGAGAGA
SNORD63,GTGCAATGATGTATTTTATTCAACACATCATTCTGAAAGAACGTGTGGAAAACTAATGACTGAGCACA
SNORD65,AAATGATGAAATCACCCAAAATAGCTGGAATTACCGGCAGATTGTGTAGTGGTGAACCTATGGTTTTCTGAAG
SNORD66,CTCAGCTGGGCTTTTTTTAAGTAACAAGTGACTGGGCCACTGACATGTAAAGAGGGAAGTGAGGTGCTCCTGGAG
SNORD67,TATAAATGTGATGAATTGCACACTCGCAGAGTCATAGCATTAGGGGATGCAGGCAGTGTTTCATACTTTCCCGAGGAAAGAAATGCACAGGTGCCACTCAGTCATCAC
SNORD7,ATGCGATGATGAGTGAAGTAGAGCCTGACCTGGTATTGCCATTGCTTCACTGTTGGCTTTGACCAGGGTATGATCTCTTAATCTTCTCTCTGAGCTG
SNORD70,TTCAATGTTGTCAATGATGCATTCTTATTGGAACTGAATTTAAGTGATCTGACTCATTCGTCACTACCACTGAGACAACATTGAG
SNORD72,AGCTTATCAGTGATGTTGTAAAAATAAATGTCTGAACATATGAATGCAGTATTGATTTCAGCATTTAACTGAGATAAGCG
SNORD73A,AATAAGTGATGAAAAAAGTTTCGGTCCCAGATGATGGCCAGTGATAACAACATTTTTCTGATGTT
SNORD74,CTGCCTCTGATGAAGCCTGTGTTGGTAGGGACATCTGACAGTAATGATGAATGCCAACCGCTCTGATGGTGG
SNORD75,AGCCTGTGATGCTTTAAGAGTAGTGGACAGAAGGGATTTCTGAAATTCTATTCTGAGGCT
SNORD76,TGCCACAATGATGACAGTTTATTTGCTACTCTTGAGTGCTAGAATGATGAGGATCTTAACCACCATTATCTTAACTGAGGC
SNORD77,AGATACTATGATGGTTGCATAGTTCAGCAGATTTAATCATGAAGAGATGTACTATCTGTCTGATGTATCT
SNORD79,CTGTTAGTGATGATTTTAAAATTAAAGCAGATGGGAATCCCTCTGAGAAAGAAAATGGAGATTAATCTTAAACTGAAACAG
SNORD80,ACAATGATGATAACATAGTTCAGCAGACTAACGCTGATGAGCAATATTAAGTCTTTCGCTCCTATCTGATG
SNORD81,TTGGATATACGATAATCTCACTCCGACTTAAACTCTCTCACTGATTATTTGATAATAACAGGTCAGATATTCTT
SNORD83A,GCTGTTCGTTGATGAGGCTCAGAGTGAGCGCTGGGTACAGCGCCCGAATCGGACAGTGTAGAACCATTCTCTACTGCCTTCCTTCTGAGAACAGC
SNORD84,GCCATATGATGTTTTCTTTTCGAAAGGTGAGCGCTTTGCGCAGTGATGACCCTCATCTATCACCCTTGACTGATGGCT
SNORD87,GCTGGCACAATGATGACTTAAATTACTTTTTGCCGTTTACCCAGCTGAGGTTGTCTTTGAAGAAATAATTTTAAGACTGAGATGCCAGT
SNORD88A,GGGCCTCCATGATGTCCAGCACTGGGCTCCGACTGCCACTGAGGACACGGTGCCCCCCGGGACCTTTGACACCCGGGGGTCTGAGGGGCCC
SNORD88C,CTGGGGCTCCCATGATGTCCAGCACTGGGCTCTGATCACCCCTGAGGACACAGTGCACCCCAGGACCTTTGACACCTGGGGGTCTGAGGGGCCCCAG
SNORD91B,AAGAGCCAATGATGTTTTTATTCAAAATGTCTGAACCTGTCTGAAGCATCCCAGTGATGCAACTTCTGTGTGATACTGAGGCTTTT
SNORD92,GTGCTGTGATGATGCCTTAATATTGTGGTTTCGACTCACTGAGAGTAAAATGAGGACCTACAATTCCTTGGCTGTGTCTGAGCAC
SNORD96A,CCTGGTGATGACAGATGGCATTGTCAGCCAATCCCCAAGTGGGAGTGAGGACATGTCCTGCAATTCTGAAGG
SNORD98,GAGTTATGATGTGTGTAAATCCTATTCCATTGCTGAAATGCAGTGTGGAACACAATGAACTGAACTC
SNORD99,ACTGGTCCAGGATGAAACCTAATTTGAGTGGACATCCATGGATGAGAAATGCGGATATGGGACTGAGACCAGCT
snoU2,GATCGATGATGAAAATAAGCAAGTTTGAGCATCAGAAGACCTTCCAGTCTACTTGATGCATGAGCTCTACAGTTTTAAGA
SNORD108,GCTTAATGATGAGAATCATTATTTCTTGAATTGGATGACACTTTCCATTCCTGCAAAGGGAGCGTGAGGTC
mgU12-22/U4-8,AGAGGCTTGGGCCGCCGAGCTGGACCCGGACCGGTTTTGGGTACTGTACTGGGGGCAGGGCAGAGAGGTGGGCGGCAGTTGGGGTGCGGTGATTGTAGTAGGCTAGGGCGCTTTCGGGTCCCCATTGCAGCCCCCGGATGAGCCCGCAGTATTTTCCTTATATGATCAGGTCCCATTGCGGGCGGCGCCGCTTGCCCGGAGCCTGAGAGGATTATGAAAACGTGGCGAGCGAAATGGGGCCAGGGGACCTGGAGCAGGGGCGTGAGGAGAGTAGGCAGCGGGTGAGGCTGGACGGGAGGGAGGTCTAGGGAGGCCTCTGCCGCGGGCACTGTGAGTCCTGGCCGATGATGACGAGACCACTGCGCAATCTGAGTTCTGGGAACCAGGTGATGGAGTATGTTCTGAGAACAGACTGAGGCCG
SNORA77,GCAGACTCCCTCAGCATCCAGCGGGTGCTTTTTCGGTCTGCCAGTGAGCATTCCATGGTGCTGTGACCATTTTGACCTCTCTAGGGTGATGCAGCTGCCTGGGGACACAGAG
SNORD50B,AATCAATGATGAAACCTATCCCGAAGCTGATAACCTGAAGAAAAATAAGTACGGATTCGGCTTCTGAGAT
SNORD95,GCGGTGATGACCCCAACATGCCATCTGAGTGTCGGTGCTGAAATCCAGAGGCTGTTTCTGAGC
U105B,CCAATGTGGATACACCCAGGAGGTCACTCTCTCCCCAGGCTGTGTCCAAGTAGCATAGGGGAGCACAGGGCTCTGTCCCCATGATGTACTGTCCTTTTCCATGACATTGGAGATGAAGCTGGACCTCAACTCTGCACATGCATATTCCTACAACTTCTCAGAGTCCTGTGGATAATGACGGAGGAGAGAAACCATGCAGGAAACAGCC
SNORA26,TTGCCGCCCACACAACCAAATTAAAAAATAACACAGAAGGGTAAGGTAAGTCTCCATTAAACCCAGGAAAGAGACTGGAAAACTCCTCTTTGGAGCCTGTCTATAGTCACAGGT
SNORA73B,TCCAACGTGGATACCCTGGGAGGTCACTCTCCCCAGGCTCTGTCCAAGTGGCATAGGGGAGCTTAGGGCTCTGCCCCATGATGTACAGTCCCTTTCCACAACGTTGAAGATGAAGCTGGGCCTCGTGTCTGCGCCTGCATATTCCTACAGCTTCCCAGAGTCCTGTGGACAATGACTGGGGAGACAAACCATGCAGGAAACATAT
SNORD114-31,TGAGCAAGCGATGACAGCCGGTGGTGTGTGAGTCATGGAGGATGAATACTAAGTGCCTGGAACTCTGAGGTTCA
SNORD17,GTGAAATGATGATTCAGTTTATCCATTCGCTGAGTGCGCTGCACTGACCTTCTTCCAAGCCTCAGTTCCTGTTCTAGGAACTTGAGGCTATGTAGCCTGAAAATGCCCTGCAGTCTGCAGTGTTCTACTGTGAACTGCTTGTGTGTTGGCAGGCTACCGGTAAGAATGGTTGGTGTCAGCAGGGACGGGGCCCTCTGAGACCCATCTCACAAAGATGAGTGGTGAAAATCTGATCAC
SNORD8,TCCCAATGATGAGTTGCCATGCTAATACTGAGCCACCAGGTAGGGCAGTGTTGCCCTGGTTTGGGTGCCAGTGAGTTTAACAAAACTTCTCACATGAAGATCTGAGGGGC
SNORA47,TGGAGGACTGAGAAGGTGAGGCAGTTTTGCCCCGTGCTGCCTTCCACCGGTTAAGACCTCCAAAATCGAAGGGCTGCCCAGGCAGAGGATGTCCCCTTGCCACCCTTGGAGGGGCAGCGCTGTGCTGGCCGACATTTG
snora71,ACCTGTATTCGAAAGTGATCGTGGGCTGCCTGTGCCCTGGTCATTGATAGTGCAGGGAAAGAAATCGCGGAAAGTGCTTCCCCGTGTTTGGAGGGTCCGCTCCTGTCCCTTTCAAACTCTGGAGCTTTCTCACA
SNORD29,TTTCTATGATGAATCAAACTAGCTCACTATGACCGACAGTGAAAATACATGAACACCTGAGAAAC
SNO1209,AATGGAAGCTGCTGGAACCAGCCATGTGGACAAATGAAAAAATGCCTTTTGTCTACAGATTGCAGCGATCCTACATAAATATATGGAGGTCTCTGTCTGGCTTAGGACAGCTGGCTAAGTCTGATCGTTCCCCTCCGTACAGCC
SNO1210,GCTCAGAAGTGATGAATTGATCAGATAGACGAGGCCGGGCTTGTCCCCGGCCACTGATTATCGAGGCGATTCTGATCTGGGC
SNO1212,AGAGGCTTGGGCCGCCGAGCTGGACCCGGACCGGTTTTGGGTACTGTACTGGGGGCAGGGCAGAGAGGTGGGCGGCAGTTGGGGTGCGGTGATTGTAGTAGGCTAGGGCGCTTTCGGGTCCCCATTGCAGCCCCCGGATGAGCCCGCAGTATTTTCCTTATATGATCAGGTCCCATTGCGGGCGGCGCCGCTTGCCCGGAGCCTGAGAGGATTATGAAAACGTGGCGAGCGAAATGGGGCCAGGGGACCTGGAGCAGGGGCGTGAGGAGAGTAGGCAGCGGGTGAGGCTGGACGGGAGGGAGGTCTAGGGAGGCCTCTGCCGCGGGCACTGTGAGTCCTGGCCGATGATGACGAGACCACTGCGCAATCTGAGTTCTGGGAACCAGGTGATGGAGTATGTTCTGAGAACAGACTGAGGCCG
SNO1257,TGGACCAATGATGACCACTGGTGGCGTTTGAGTCATGGACGATGAATACTACGTGTCTGAAACTCTGAGGTCCA
SNO1277,AATGTGAAGCAAATGATGATAAACTGGATCTGACTGACTGTGCTGAGTCTGTTCAATCCAACCCTGAGCTTCATGTT
SNO1283,ACTGAGGAATGATGACAAGAAAAGGCCGAATTGCAGTGTCTCCATCAGCAGTTTGCTCTCCATGGGCACACGATGACAAAATATCCTGAAGCGAACCACTAGTCTGACCTCAGT
SNO1289,GAGTTATGATGTGTGTAAATCCTATTCCATTGCTGAAATGCAGTGTGGAACACAATGAACTGAACTC
SNO1290,ACTGGTCCAGGATGAAACCTAATTTGAGTGGACATCCATGGATGAGAAATGCGGATATGGGACTGAGACCAGCTCCTAGG
SNO1291,GCTGTACATGATGACAACTGGCTCCCTCTACTGAACTGCCATGAGGAAACTGCCATGTCACCCTTCTGATTACAGC
SNO1374,GATGTTATGATGATGGGCGAAATGTTCAACTGCTCTGAAGGGGCTGAATGAAAATGGCCTTTCTGAACATC
SNO1382,AAGTGAAATGATGGCAATCATCTTTCGGGACTGACCTGAAATGAAGAGAATACTCATTGCTGATCACTTG
SNO1384,AGCTTAATGATGACTGTTTTTTTTGATTGCTTGAAGCAATGTGAAAAACACATTTCACCGGCTCTGAAAGCT
SNO1387,GGCCTGCTGTGATGACATTCCAATTAAAGCACGTGTTAGACTGCTGACGCGGGTGATGCGAACTGGAGTCTGAGCCTGCC
SNO1394,CTTCAGTGATGACACGATGACGAGTCAGAAAGGTCACGTCCTGCTCTTGGTCCTTGTCAGTGCCATGTTCTGTGGTGCTGTGCACGAGTTCCTTTGGCAGAAGTGTCCTATTTATTGATCGATTTAGAGGCATTTGTCTGAGAAGG
SNO1399,TGGATATGATGACTGATTACCTGAGAAATAATTGATGAAATCTCAAGAAAATTCCTCTAGATAGTCAAGTTCTGATCCAG
SNO1401,TCCCAATGAAGAAACTTTCACATGTCTTACTCTCTGTCCTAGTCCCAGAGCCTGTAAAGGTGAACCCACTGGGACTGGCTGGGGGAGAAGAGGAAGATTTGTTCCAGAAGGAACTGTCTGAGGGAT
SNO1403,TTCCTATGATGAGGACCTTTTCACAGACCTGTACTGAGCTCCGTGAGGATAAATAACTCTGAGGAGA
SNO1405,ACTCCATGATGAACACAAAATGACAAGCATATGGCTGAACTTTCAAGTGATGTCATCTTACTACTGAGAAGT
SNO1407,TTTCTATGATGAATCAAACTAGCTCACTATGACCGACAGTGAAAATACATGAACACCTGAGAAAC
SNO1408,AAGACTATACTTTCAGGGATCATTTCTATAGTGTGTTACTAGAGAAGTTTCTCTGAACGTGTAGAGCACCGAAAACCACGAGGAAGAGAGGTAGCGTTTTCTCCTGAGCGTGAAGCCGGCTTTCTGGCGTTGCTTGGCTGCAACTGCCGTCAGCCATTGATGATCGTTCTTCTCTCCGTATTGGGGAGTGAGAGGGAGAGAACGCGGTCTGAGTGGT
SNO1409,AAGACTATACTTTCAGGGATCATTTCTATAGTGTGTTACTAGAGAAGTTTCTCTGAACGTGTAGAGCACCGAAAACCCCGAGGAAGAGAGGTAGCGTTTTCTCCTGAGCGTGAAGCCGGCTTTCTGGCGTTGCTTGGCTGCAACTGCCGTCAGCCATTGATGATCGTTCTTCTCTCCGTATTGGGGAGTGAGAGGGAGAGAACGCGGTCTGAGTGGT
SNO1413,GTTTGTGATGACTTACATGGAATCTCGTTCGGCTGATGACTTGCTGTTGAGACTCTGAAATCTGATTTTC
SNO1414,CTCACCAGTGATGAGTTGAATACCGCCCCAGTCTGATCAATGTGTGACTGAAAGGTATTTTCTGAGCTGTG
SNO1417,GGCCGGTGATGAGAACTTCTCCCACTCACATTCGAGTTTCCCGACCATGAGATGACTCCACATGCACTACCATCTGAGGCCAC
SNO1425,TTCTCGTGATGAAAACTCTGTCCAGTTCTGCTACTGAAGGGAGAGAGATGAGAGCCTTTTAGGCTGAGGAA
SNO1426,TCTCAGTGATGAAAACTTTGTCCAGTTCTGCTACTGACAGTAAGTGAAGATAAAGTGTGTCTGAGGAGA
SNO1441,TAATCAATGATGAAACCTATCCCGAAGCTGATAACCTGAAGAAAAATAAGTACGGATTCGGCTTCTGAGAT
SNO1457,GTGCAATGATGTATTTTATTCAACACATCATTCTGAAAGAACGTGTGGAAAACTAATGACTGAGCACA
SNO1458,AATAAGTGATGAAAAAAGTTTCGGTCCCAGATGATGGCCAGTGATAACAACATTTTTCTGATGTT
SNO1460,CTGCCTCTGATGAAGCCTGTGTTGGTAGGGACATCTGAGAGTAATGATGAATGCCAACCGCTCTGATGGTGG
SNO1465,TACTGTTAGTGATGATTTTAAAATTAAAGCAGATGGGAATCTCTCTGAGAAAGAAAATGGAGATTAATCTTAAACTGAAACAGTA
SNO1466,ATCGTCAGGTGGGATAATCCTTACCTGTTCCTCCTCCGGAGGGCAGATTAGAACATGATGATTGGAGATGCATGAAACGTGATTAACGTCTCTGCGTAATCAGGACTTGCAACACCCTGATTGCTCCTGTCTGATT
SNO1467,GATACAATGATGATAACATAGTTCAGCAGACTAACGCTGATGAGCAATATTAAGTCTTTCGCTCCTATCTGATGTATC
SNO1472,GCTGTTCAGTGATGAGGCCTGGAATGTGCGCTGGGCACAGCGCCCGAGACAGACTGCGGAACCGTTCCTTGTTGCCTTCCTTCTGAGAACAGC
SNO1490,GTGCACATTTCATTGACCTGCTTTCTTTTATGTGAGTAGTGTTATTTCTTATGTGCTATACAAATAATTGAAGGCTAATTAGCAGTATAACTATAAATAGTAATGCTGCCAGTCTCCTTCAGACAAAA
SNO1502,ATCGAGGCTAGAGTCACGCTTGGGTATCGGCTATTGCCTGAGTGTGCTAGAGTCCTCGAAGAGTAACTGCTGACCTTATTCACTGGCTGTGGGCCTTATGGCACAGTCAGTCACCAGGTTAGAGACATGC
SNO1507,AAGCCAGCCAATGAATCTGCTTACCTGATTGTGTTTGTGCAGACATACTTTAAAAACTGGCAATAGTAAAGCCATGTTACGAGCCTTAAGGACATTGAAGTCGTTAAGGTCCCTGAGAATGGCTATAACAAAT
SNO1532,GCCCAGGGTATGTTCACGGGGCGATGCTGCCCTCCCAGCTGGCCCATGGGTGACCCTGGGAACATTAACTGCCTCACAACGTTTGTGCCTCAGTTACCCGTAGATGTAGTGAGGGTAACAATACTTACTCTCGTTGGTGATAAGGAACAGCT
SNO1549,AAAGCAGGATTCAGACTACAATATAGCTGCTAAGTGCTGTGTTGTCGTTCCCCCTGCTTAAAATAAAGTTGTTTCTTAACTATACCTGTCTGCTATTCTCCTGTAGCAGCCAGGGACGCTTGGTCTCATACATGT
SNO1550,TGGAGGACTGAGAAGGTGAGGCAGTTTTGCCCCGTGCTGCCTTCCACCGGTTAAGACCTCCAAAATCGAAGGGCTGCCCAGGCAGAGGATGTCCCCTTGCCACCCTTGGAGGGGCAGCGCTGTGCTGGCCGACATTTG
SNO1562,TCAGCCACCCGCCACTGCACCTGACCAGGTCTCTGTTGGCTGGTGCAATCCAGTGGTGAGCTGATAGTAAACCCCAGCTTAGGAAACAGGGTTGTTCTTCATGTGGATGACTCTGTGCCGAAAGCATGGGAACAGCC
SNO1563,GTGCAAACTCGATCACTAGCTCTGCGTGATGTGGCAGAAGCGAAGGGAACCAGGTTTGCAAAAGTAACTGTGGTGATGGAAATGTGTTAGCCTCAGACACTACTGAGGTGGTTCTTTCTATCCTAGTACAGTC
SNO1568,CTCCTGCATCCGAAAGTGATCATAGGCTGCCTGTGCCTAGGTCATTGATAGTGCAGGGAGAGGAACGCTGAAAGAGGTTGTCCCCGTGTTTGGAGGGTCCACCCTATCCCATCCGAACCCTGAAGCTTTCACACAACT
SNORD113-5,TGGATCAATGATGAGTATTGGTGGAGGTGTCTGAATCAACACTTTTGATTAAGCCCTCTGTGTAACTCTGAGATCTG
SNORD103A,TTGTCTGGCAATGATGACCCACTTGCCCTCACTGAGAACAAAGTTCGGTAATGAGAATCTTTGTTAATGGACTCAAGTTCTGAGCCAG
SNORD103B,TTGTCTGGCAATGATGACCCACTTGCCCTCACTGAGAACAAAGTTCGGTAATGAGAATCTTTGTTAATGGACTCAAGTTCTGAGCCAG
SNORD11B,TGATGGCAATGATGATTTTTACACTTATTGTTGTTCACCTGATAACATAAATATGAGGGTGTTCAGTCACTACCTCATCTGATGCCATCA
SNORD121A,GTCCAGAAAACAATGATGTGGTAATTTCCAAGCACATATCTGATGATTCCATGTGGAATTTAACTACCTGAGTTTCCTGGAC
SNORD30,GTTTGTGATGACTTACATGGAATCTCGTTCGGCTGATGACTTGCTGTTGAGACTCTGAAATCTGATTTTC
SNORD88B,GGGACCCCGTGATGTCCAGCACTGGGCTCTGACTGCCCCTGAGGACACGGTGCACCCCGGGACCTTTGACATCCGGGGTTCTGAGGGGCCC
snoU13,ATCCTTTTGTTGTTCATGAGCATGACAATTGGGTGTTTTCATGCAGCGAGTGAGATGTGCCACCCTGGAACCTTGTTACGACGTCGCATGTTACCTGTCTGACC
SNORD-115,AGGCCAATGCTGAATTATTATCTTGACGAGAAATGATGACGTAAAAATTAAGCTTAGTAGGATTACACTGAGGCCC
SNORA25,GGGTCATTTCAAAGAGGGCTTATGAGGCTGTGAAACCCAGAGCTCTTAACGCTGTGACCAAAGATGGAAGTTCTCTATAGGAAGCCATAGCACTCCTAATGTTTGGTGCTATGTTTTCCTGAGGAGATATAAAA
SNORA30,CTGGCACTTTCACAGTTCCTTCCCCAGGCAGTGGGGCCAGGATTTGGTAGCTGGTGCTGAGAGAAAACCCTTGATTGTATTCTTGCCCTGGGATTATACCAGTGGCAACTGTCACTCAATGGGACAGTG
SNORA50A,AAGCACTGCCTTTGAACCTGATGTGTCTTGTTTGTAGCTTCACGGGCCAAGCAACAGTGCTAGAGCATAACGACTTGTTATAACTGGGGCTCTTCAGCTCTCAACTGAACTGCTCTTTTAAAAACAAGGTACATTT
SNORA51,GGCCTCCTGGTGCTTACCACAGGCTGTGTTCTTACACTGACTGTATAGAAAGAGGAGGTAGAGTAAACCTACCCCATATACACCTCAGCTCAGGCCCTGTGCCTGGTCTGTATTGTGAATGGGGGAACATAG
SNORA53,AACATGCTTCCTTAGATCCACCTTTGTGGATGAATCTTGAACTGAGTTCCACTTGTAAACTTCTTGTTTCTTGTGGTTCCAGTAGTCAAAGAAACATCCAGCAACTTTTTTGGTTGTATAGTCAAAGGTGCTTGAGTCATTGGCATGTAAGAGAAATATACCTGCATGTTAGTCTAACGTTCTGATAGAAATGACATGCATTTATGCTGCCATTTGTTACTATCAGGACTCGACTCGTGTGCGGACATT
SNORA63,AAAGCAGGATTCAGACTACAATATAGCTGCTAAGTGCTGTGTTGTCGTTCCCCCTGCTTAAAATAAAGTTGTTTCTTAACTATACCTGTCTGCTATTCTCCTGTAGCAGCCAGGGACGCTTGGTCTCATACATGT
SNORA66,GTGCAAACTCGATCACTAGCTCTGCGTGATGTGGCAGAAGCGAAGGGAACCAGGTTTGCAAAAGTAACTGTGGTGATGGAAATGTGTTAGCCTCAGACACTACTGAGGTGGTTCTTTCTATCCTAGTACAGTC
SNORA68,ATTGCACCTAAACCCAAGAATCACTGTTTCTTATAGCGGTGGTTTAAACAGAGGTGCAAACAGCAAGCGGATCTTGTCGCCTTTGGGGGGCTGTGGCCGTGCCCCTCAAAGTGAATTTGGAGGTTCCACAACT
SNORA70,CCGCAGCCAATTAAGCCGACTGAGTTCCTTTCCTCATGGGGACCCAGTGTGCGATGGCTGCACACAGCAGCTTCCTTGGTAGTGTACGCAGCCTGTTGGTTGTATGGGTTGCTCTAAGGGACCTTGGAGACAGGC
SNORA70B,CTGCAGCCAATTAAGCTGACTGAATTCCTTTCCTTATGGGGGTCCAGTGTGCAATGGCTGTAAACAGCAGCTTCCTTGGTAGTGTATGCGGCCTGTTTGTTGTATAGGTTGCTCTAAGGGACCTTGGAGACAGGC
SNORA72,CTGCGAATATTCTCGCTGTTCTGATTTTGTAATAGTCAGGACAGGCTAAACATTCGCTATATTAAGACCATGCATGTGTCCCCAAACCTAGTTCTTTCCCTAGGTCTGGTTTCATAAATGCTGGTGATAAAC
SNORA8,TGCACTGCATGGTATCTGCACTCAGCAGTTTACACCTGCTAGGGTGTTCAAAGGTCAGTGCTATAGAAATTCAGTATCTGGCATCGTTGGTTTTCTTGGCTTTGTGCTTGTTAAACCTGGTATTTCTACTGATACAGTA
SNORD114-6,TGGATCAATGATGTCCACTGGTGGCGTATAAATCATATTTGGTGAATATATGTCTGGAACTCTGAGGTCCA
SNORA80E,TGGTAATGGATTTATGGTGGGTCCTTCTCTGTGGGCCTCTCATAGTGTACCCATGCCATAGCAAATGGCAGCCTCGAACCATTGCCCAGTCCCCTTACCTGTGGGCTGTGAGCACTGAAGGGGGTTGCACAGTG
SNORA81,ACCTTCTTGTATAAGCACTGTGCTAAAATTGCAGACACTAGGACCATGTCTTGGTTTTTGCAATAATGCTTGCAGAGTACACACAAGAAGAAAAGTAACAGCACTAGATTGTAAAGACTGGGGTGGACCTCTTTCTTAATGTCCAATGTCCTTTGTCTTAAGATTTGGTGCAATATCT
SNORD23,TGCCCAGTGATGACACCATCCTTGCTCCCCGTGCCCCCCAGGGGCTATGGGCGACACCATGGCTGCCCCTGGGCTGGGCCAGTGGGGCCAATGCCCAGGGGCTGAGGGCA
SNORD71,TGTGTGTTGGAGGATGAAAGTACGGAGTGATCCATCGGCTAAGTGTCTTGTCACAATGCTGACACTCAAACTGCTGACAGCACACG
SNORA5C,TGCAGTCAAGTCAAATTCAGTGCCCGTTTCTGTCATAGCGGGGGCTGGCCCAGATGGCTGCCACAGCAAGCTCCACAGCTCATGGGCCCTGGGTCACCTACCCTGGGACCTGGGGATAAGTTTGGCTGTGGACAGTG
SNORA7A,GACCTCCTGGGATCGCATCTGGAGAGTGCCTAGTATTCTGCCAGCTTCGGAAAGGGAGGGAAAGCAAGCCTGGCAGAGGCACCCATTCCATTCCCAGCTTGCTCCGTAGCTGGCGATTGGAAGACACTCTGCGACAGTG
SNORD100,GCTGTACATGATGACAACTGGCTCCCTCTACTGAACTGCCATGAGGAAACTGCCATGTCACCCTTCTGACTACAGC
SNORD111B,TTGCTTTCATCAGCCTGAAGTGATGATTCACATTCATGTCTCTTCTCTGATAAATTCTTGAAGAAAATTTTTGTGTGTCTGATCAGGCCTCTAGAGGGCAG
SNORD36C,TTGCCAATGATGGTTAAGAATTTCTTCACCTGAATAAACCATGTGGTCAGCATTGCATCTGAGGCAAA
SNORD91A,TAGAGAAGTCAATGATGGTTTTATTCATATCGTCTGAACCTGTCTGAAGCATCTCAGTGATGCAATCTCTGTGTGGTTCTGAGACTTCTCCA
snoU2-30,GGGCAATGATGAAAAGGTTTTACTACTGATCTTTGTAACTATGATGGTTTCTACACTTGACCTGAGCTCA
SNORD114-10,AAGATCAATGATGACTACTGTTAGTGTATGAGTTACACATGATGAATACATGTCTGAAACTCTGAGGTCCA
SNORD114-11,TGGACCAGTGATGGTGACTGGTGGTGTGTGAGTCATGCACAGTGAATATCATGTGTCTGGAACTCTGAGGTCCA
SNORD114-2,GGGACCAATGATAATGACTGTTGGGGTATGAGTCAGTGAGGTTGAATAACAGTTTGTATCTGGAAATCTGAGGTCCA
SNORD116-14,GGATCGATGATGACTTCCATATATACATTCCTTGGAAAGCTGAACAAAATGAGTGAAAACTCTATACCGTCATTCTCGTCGAACTGAGGTCC
SNORD116-22,GGATCGATGATGACTTCCATATGTACATTCCTTGGAAAGCTGAACAAAATGAGTGAAAACTCTATACCGTCATCCTCGTCGAACTGAGGTCC
SNORD116-23,GGATCGATGATGACCTCAATACATGCATTCCTTGGAAAGCTGAACAAAATGAGTGAAAACTCTATACCGTCGTCCTCGTCAAACTGAGGTCC
SNORD116-27,TGGATCGATGATGACTTAAAGATTTATCTAATTTAAATCTGAACAAAATGAGTGACCAAAACACTTCTGTACCACTTCTGTGAGCTGAGGTCCA
SNORD116-4,GGATCGATGATGAGTCCCCCCAAAAAAACATTCCTTGGAAAAGCTGAACAAAATGAGTGAAAACTCATACCGTCGTTCTCAGCGGAACTGAGGTCC
SNORD116-5,GGATCGATGATGAGTCCCCCATAAAAACATTCCTTGGAAAAGCTGAACAAAATGAGTGAGAACTCATACCGTCGTTCTCATCAGAACTGAGGTCC
SNORD116-6,TGGATCGATGATGAGTCCTCCAAAAAAAACATTCCTTGGAAAAGCTGAACAAAATGAGTGAAAACTCATACCGTCATTCTCATCGGAACTGAGGTCCA
SNORD116-9,GGATCGATGATGAGTCCCCCATAAAAACATTCCTTGGAAAAGCTGAACAAAATGAGTGAGAACTCATACCGTCGTTCTCATCGGAACTGAGGTCC
SNORA74B,TTTCCAGCAGTAGTCAGCCATCCGGACAGAACCGTTCCTGTGATGGTGTTACACTGCTGGGAGAGGAATGTCTTGTCTTCATCCGGTTGCCTGCGCCACTGTTCTGGTGGCGTCTGGCACTGGTGCAAGACAGAGCTGTGCTTCCCCGAGAGTGTGCTAAGCATTCACTTTGGCTGCTTAGTTCTAGTCTGGGAGCAGACAGAG
SNORA14A,TGCATTCTTAAACCCTCTTGGTGGCTTCCCTGTAAATGCTTCCAAGATATGAGCGAATGCTATAGAAATTGCAGGAAAGTCCAAAGGGCTGCGCGTCTCCTGTGGCTCAGTCTTATTTCATACCTGCAACATCT
SNORA18,GTTGAGGTCTATCCCGATGGGGCTTTTCCTGTAGCCTGCACATCGTTGGAAACGCCTCATAGAGTAACTCTGTGGTTTTACTTTACTCACAGGACTATTGTTAGATCTGTGGGAAGGAATTACAAGACAGTT
SNORA28,AAGCAACACTCTGTGGCAGATGATCAAAACTGTCTGACACAATTTGAGCTTGCTATAGCAAGAAAGTCTAACCTATTCCGGTGTTCTCTCTCCCATGAGACAAGCCGTTATATAGACTTAAACAGT
SNORA2B,TTGGCCCTGAATCAAGGCCAGCAGTTTGCTGAAGCTGTTGGTTTCAAGCAGGAGCCTAAAGAATTGTCTTTCTATGGTCTGTTGGCCATTTCATAACTTTGGAAATGTAATGGTCAATTCATTAGAAAGAAACATGA
SNORA57,CCTCCTTTTCTTGGCGGGGATCGGGCTTGTGGTGCCGCTCCCCGTAATGTACGGAGGAAGAGGGAAAGGGCTCTGGCCCCCTCGGCGTCATGTCTTCGGTGCTGGCGGCTTCCCATCCGCTGGTTCTATCCTCAAACGCCGGGACACCG
SNORA6,TGCACACTATTAAAGCTCAGGGTGGAGGCCAGTCTTGGCTCATGAACTTCTGAGTGTCGGAAGTGTGCTATATCAATGGCAGGATTTTCGCTAACACCAGTAGAGCTTGCCTCTATGACTGGAGTTTGGTAGTACTCGCTGCCACATAG
SNORA75,GTCTTCTCATTGAGCTCCTTTCTGTCTATCAGTGGCAGTTTATGGATTCGCACGAGAAGAAGAGAGAATTCACAGAACTAGCATTATTTTACCTTCTGTCTTTACAGAGGTATATTTAGCTGTATTGTGAGACATTC
SNORA80B,GCATGGGTTTGGATTTATGACAGGCCCGTCACCCTGGGCCTGTCATAGTACCCCATGCCAGAGCAAACTGTGTCCCCGAACCATTGCCTGGCCTCTGTGCCCGTAGGCTGCTGGCACTGAAGTGGGTTGCACAGTG
SNORA65,CCCGCCACTGCACCTGACCAGGTCTCTGTTGGCTGGTGCAATCCAGTGGTGAGCTGATAGTAAACCCCAGCTTAGGAAACAGGGTTGTTCTTCATGTGGATGACTCTGTGCCGAAAGCATGGGAACAGCC
SNORD42,TAGCATATGATGGAAAAATCTTAATCTTCTGAGACTTGTGATGTCTTCAAAGGAACCACTTCAATGCAA
SNORA20,CTTCCCATTTATTTGCTGCTTGTAGTCTCACAGTGATACGAGCAGTTATACGCATGGGATAAAATAACATTGGGCCACTGTAAATTGAGATGAAGTAACCATTTTCATCTCTTCTGCAGGGACTAGACATTG
SNORA12,AGTTGTGGTGGTTTTCTTTTTGGCACATTTGTTAAGTTTTCAAATGGGCCTAACTCTGCCACATATATAATATCGGAGATGGCAAAGGCTTGTGACGGAGATATCTCTCTTAAGCCTTTCCTGCATCAGAGAATGGCTCCCACATGT
SNHG1:12,TTCTGTGTTGTAGCTGCCTGGCCAGGGCGACTGGCGGATAAGGTCTTGTGCGTGGCCTCGAGGCTTAAAAGTAGCAGTGGGGCTTTGTGAAGGACAAAATGGCGATGGCGGGCCGTGTAGGTCCCCCTTCCTATGATGAGGACCTTTTCACAGACCTGTACTGAGCTCCGTGAGGATAAATAACTCTGAGGAGATGGGCCCTGCAAGCCTCTTGCTTAGCCGTCTGTTCAGAAAATAGCGTTTTCGAAATGCCCTGAGTTGACCTAATGTCTTATTGGGCTCCTGTCTGCAGGATTTACGCGCACGTTGGAACCGAAGAGAGCTCTGTTGTTGCAATGTTCAGCCCACAAGAGCTTACTGGTGAAGGAATGGGACAAGACCCATCTTTATGCAAAGCCAGCGTTACAGTAATGTTCCAGGTAGGTGTACATGGTTTATGCTCTTACAGAGGAGACCTTGTAGATAACCACTCCATGATGAACACAAAATGACAAGCATATGGCTGAACTTTCAAGTGATGTCATCTTACTACTGAGAAGTGAGAGAGAGGTCTTAAGGGGTCTTTGAATGACTATTTTTAGGTACATAAAATGCTTTCCTCTGTTGTCTACAGCATCTCATAATCTATCCTGGGGAATTCAGCTGCCTCCCAGGGTGAATACAGGTAATTATCCAAATTGGTGTATGTCATCTTTGTAAATGTTCAAGAAAACAAGTGGCCGGCGGAACAATGTTTTTTGGCGCCTTCCATCTTGTTCCTCTTGAAATGATTTTCTGGGGAGGGAGATCGCAACCCGGTACTACAGTTCTTGTAAGGGTGTGCTGTTACCCTCATCCATATATCGATCACGTTACTGTCAGATGATTTGA
SNHG1:59,TCTGCAGGATTTACGCGCACGTTGGAACCGAAGAGAGCTCTGTTGTTGCAGTAAGTTCTTACGGCCATTTCTTAATCTCTGCTCTTTCGTTGAGTGTGTGGAAGTTGCTACGGGGATGATTTTACGAACTGAACTCTCTCTTTCTGATGGATTAGTGGAGAAAACAGAAAATTCTGAGTAGCACTGTACTGTACGCAACAAATGTCAGGGCCCTATTGATTTGTCTGAGGTGTTAGTGAAGGGTGTTATTTTTTCAGATGTTCAGCCCACAAGAGCTTACTGGTGAAGGAATGGGACAAGACCCATCTTTATGCAAAGCCAGCGTTACAGTAATGTTCCAGCATCTCATAATCTATCCTGGGGAATTCAGCTGCCTCCCAGGGTGAATACAGGTATTCCTGATGACAGTCTGCCTCTATCTTACAGAGCAGCTTGTTGCTATATACCATTGAAAAGCCTTCAGAGCTGAGAGCTTTGTTTTTCTCTAGGTACTACTAACCAATAACCTGCTTGGCTCAAAGGGCCAGCACCTTCTCTCT
SNHG22:3,AGGGCTCATGTGACCAATGTCCTTTTCATTCAGGCCTAGGGAAACCAGTATCTGCCAAAAAGATTAGTGCTCCCAAAAGGGCAACCATCTTCAGCAAGGCCTGTTGTACTGTGTCAAATACAAAGCCATCTTAATATGAAAAAAAGCAGGCAGAAAAGGGGATAATTGTAATGATGAAGATAGAGTCAATCATTCTTCCTTGTTATTTGGACTACACGGATCTGGTCATGCTGTGGTTCAGCTCTTGACCCAGAGAATATGAGCACATGTAACCACAACCTAATGTAATGGAGTTCTAGGTCCTGCCCTAGCCTTATATAACCTCCCATTTAGAATGTGTATAACATTGGGTAAAGTGATGGACCTCAATGAAATAACATTACATGTAGTTCTATGCTTCAAGTAAATGCTTGGATATTATGATTTTGTAACAGAAGTCATGGGGTTTGAAATGGCTATTTCTTTAACCTTTGGCCCATCTCTTTTATAATAAAAGCAGGCCATCAAATGAAGTGCTGGTTCTTAGGAGAGAGATGGCGTCAAGCCAACTGCAAAGAAGGTAAGACTGAAAGGAAGGGCATATCCTTTTACTAACCCAGGGAGAAGAGTCTGTCAAAATTGGTTCTGGCACAAAAGATGGAATAAAGCTTTAAAAATGGT
SNHG5:47,CTTTTACGTCGGCCTTCGCGAGCGTCTGGGCGGGTGGTAGGAACAATGGCGCTGTCTTCAGTGGCACAGTGGAGCAGCTCTGAAGATGCAAAGATACACGAAAAAACTTCCAGAACATCTGGGAGAATATTTAATGGAAAATCGCTTGGTTAAAACCTGACACTTTTAACAGGTATGTGTTGTTTTAGTACTTTATGATTGAGCATAGCATTTAATCCACACCTAGACTAAATCAAATTTTTTTTGTCAGTGAACAGCGTTCTGAGTGTGGACGAGTAGCCAGTGAAGATAATGAATGTCGAATGTGACTGACTAGCAGCTTCATTTTGAAGTAGGTTGTATGGCTTAAAAGTTCTGTAGTATTTGTACTATAATACTTGCCTTTTAGCATTACCTTGGTTTGTAGTCAGTGTCACAGAAGTGCAGTTTAATGTATTATGTGTACATATACAAGGTCTGATTGGTCTAATCAATGATGAAACCTATCCCGAAGCTGATAACCTGAAGAAAAATAAGTACGGATTCGGCTTCTGAGATTAAGACCAGTAATTCAGAGGTGGAGTAAATTTTGTTGCCGTGATTTTATAACAGTTGTGTTATAAAATCCTGGGTTTTTTTTTTTTCTGCCAACAGTGAGGGTCGCTGTCTGCCCATTGATAGAGGCCAGATTGTCTTGGAAGTTCCAAAGTTGCAACGATTTCTGTAAGTGGAGTTTTTCTGTTTGCTTAGAGATCAGTGAATATTGTGTCCTTGGTCTTATCTGTGATGATCTTATCCCGAACCTGAACTTCTGTTGAAAAAAAAAAACTTTTACGGATCTGGCTTCTGAGATGGACCGTTATAAGGACAATATTTTTTTTTAATACTTTTAATGCTTTTACATATGTTGTAATGTTTGTAGTCTTGTAAGAATCTCGTGTTTTTCCTTTTCTAGGGCTAGTGCCACGAGGTTTACTTGACTGTTGTGTGAAAAGCTGATAAGAAAACCATCCAGAAAA
SNHG5:5,CTTTTACGTCGGCCTTCGCGAGCGTCTGGGCGGGTGGTAGGAACAATGGCGCTGTCTTCAGTGGCACAGTGGAGCAGCTCTGAAGATGCAAAGATACACGAAAAAACTTCCAGAACATCTGGGAGAATATTTAATGGAAAATCGCTTGGTTAAAACCTGACACTTTTAACAGGTATGTGTTGTTTTAGTACTTTATGATTGAGCATAGCATTTAATCCACACCTAGACTAAATCAAATTTTTTTTGTCAGTGAACAGCGTTCTGAGTGTGGACGAGTAGCCAGTGAAGATAATGAATGTCGAATGTGACTGACTAGCAGCTTCATTTTGAAGTAGGTTGTATGGCTTAAAAGTTCTGTAGTATTTGTACTATAATACTTGCCTTTTAGCATTACCTTGGTTTGTAGTCAGTGTCACAGAAGTGCAGTTTAATGTATTATGTGTACATATACAAGGTCTGATTGGTCTAATCAATGATGAAACCTATCCCGAAGCTGATAACCTGAAGAAAAATAAGTACGGATTCGGCTTCTGAGATTAAGACCAGTAATTCAGAGGTGGAGTAAATTTTGTTGCCGTGATTTTATAACAGTTGTGTTATAAAATCCTGGGTTTTTTTTTTTTCTGCCAACAGTGAGGGTCGCTGTCTGCCCATTGATAGAGGCCAGATTGTCTTGGAAGTTCCAAAGTTGCAACGATTTCTGTAAGTGGAGTTTTTCTGTTTGCTTAGAGATCAGTGAATATTGTGTCCTTGGTCTTATCTGTGATGATCTTATCCCGAACCTGAACTTCTGTTGAAAAAAAAAAACTTTTACGGATCTGGCTTCTGAGATGGACCGTTATAAGGACAATATTTTTTTTTAATACTTTTAATGCTTTTACATATGTTGTAATGTTTGTAGTCTTGTAAGAATCTCGTGTTTTTCCTTTTCTAGGGCTAGTGCCACGAGGTTTACTTGACTGTTGTGTGAAAAGCTGATAAGAAAACCATCCAGAAAA
SNHG8:14,GTGTCATGTGGCCATCTTGAGTCTACTCTGTCGCTCTTGTGCCCTAGCACCCCGAGAACCGTCAGTTTGAGCCAGATGGTGAGTAATAACCTGTAGCAGTTTGGTTGCTGGTTAATTCTGGATTGTGAATCTCCATGTATCTTTGGGACCTGTCAGCCGTGGCAGTCTCCCTTCCTAGCCATGGAAGAGCATATCCTTGTTTATTGGCAAAGCTGTCACCATTTAATTGGTATCAGATTCTGACTTGCACAAGTAACATTCACTGTTAAAAACCTAGAGGGTGCCGGGTTATTGGGCAAAATTTCTAAACCGTTGTTCAATGTTTCTAGGAAGCTGAGCTGAACACATTACGATGGATGATGGAAACATAAGACTATCAAGAAATCCAAGTGGTAATGGGCGAAGTTTATTCAGCATCCGGCAATGGACTTATCGTAGTTGGGGAAACGGGTGTTCCGAATAATATCCTGGAAGTTATCAGGACACCTATTTTAAATATAGGCCTGAATTTTGTAAAGTAATATTTAAGGTGGTCCGTGATAATTAAATAAAATGCTTAATTCATGTGGC
SNORD115-31,GGGTCAGTGATGAGAACCTTATATTGTCCTGAAGAAAGGTGATGACTTAAAAATCATGCTCAATAGGATTACACTGAGGCCC
SNORA36B,TTCCAAAGTGTTAAGTTCAGTTCAGGGTAGCTTCCCTGCTCTGTTAATTAAACTTTGGAACATTGAAACTGGCTAGGGAAAATGATTGGATAGAAACTATTATTCTATTCATTTATCCCCAGCCTACAAAA
SNHG1:60,TCTGCAGGATTTACGCGCACGTTGGAACCGAAGAGAGCTCTGTTGTTGCAATGTTCAGCCCACAAGAGCTTACTGGTGAAGGAATGGGACAAGACCCATCTTTATGCAAAGCCAGCGTTACAGTAATGTTCCAGGTAGGTGTACATGGTTTATGCTCTTACAGAGGAGACCTTGTAGATAACCACTCCATGATGAACACAAAATGACAAGCATATGGCTGAACTTTCAAGTGATGTCATCTTACTACTGAGAAGTGAGAGAGAGGTCTTAAGGGGTCTTTGAATGACTATTTTTAGGTACATAAAATGCTTTCCTCTGTTGTCTACAGCATCTCATAATCTATCCTGGGGAATTCAGCTGCCTCCCAGGGTGAATACAGGTATTCCTGATGACAGTCTGCCTCTATCTTACAGTAAGTTGTTTTTCGAATTCTATGGGCCTATTATCTAATAGATAACTTAGCCATTTTGATATTTGTTACCAAAGCCTGCTTAACCCATAAAGTTTTCTGGTTCCTCTTGTTCTCTGTAGTGATGTTTCTAGATAGATGCCCACTGATATAT
SNHG1:63,ATGATGAATCAAACTAGCTCACTATGACCGACAGTGAAAATACATGAACACCTGAGAAACTGGAGAACGCAGGGAGTGGGGGGTAACCATGTCTGAGGAATCTTTCACCCACAGCTTTGTTTTTCTCTAGGTACTACTAACCAATAACCTGCTTGGCTCAAAGGGCCAGCACCTTCTCTCTAAAGCCCAAGAGGAGTTTGAGGAAAACTAGGTGTCTGTGTTCACTCCAGGCTGAAGTTACAGGTG
SNORA14B,CTGCATTCTTAAACCCTCTTGGTAGCTTCGTTCTAAGTGCTTCCAAGATATGAGTGAATGCTATAGAAATTGCAGGGGAGTCCAAAGGGCTGCGCTTCTCCCGTGGCTCAGTCTTATTTCATACCTGCGACATCT
SNORA79,TGATGACTGTTCTTCCTGTTGCCTTCAGACCTGGCATTAGGATTTTAGGTCATCATAAATTAAAATTTGATTTTCTTCACTCAGAGAATATTAGGATAATGGAGTTATCTGTTCTCTGAAATTTGCGGAATCAAACATGT
SNORD113-1,GTGAGTGATGAATAGTTCTGTGGCATATGAATCATTAATTTTGATTAAACCCTAAACTCTGAAGTCCAT
SNORD115-13,GGGTCGATGATGAGAACCTTATATTATCCTGAAGAGAGGTGATGACTTAAAAATCATGCTCAATAGGATTACGCTGAGGCCC
SNORD45,GGTCAATGATGTCGTGGCATGTATCAGCTGAATCCAAAGTTGATGTGAGTTCCAAAATTATACTGAGACTTT
snoU2-19,GATCGATGATGAAAATAAGCAAGTTTGAGCATCAGAAGACCTTCCAGTCTACTTGATGCATGAGCTCTACAGTTTTAAGA
snoR38,CTGAGCTGAGGATGATTTAAAGTTATCCCTGTCTGAAATGGTATCTTTTGTGAGGAGGTCTGACTTGCTGAGGCTCAG
SNORD116-28,GGATGGATGACGACTTAAAAATGAATCTCGTTGGAATCTGAGCAAAACGAGTGAGCAAACCACTTCTGTGCAGTTCTGTGAACTGAGGTCA
SNORA1,TGCCTCATTCTAGAGAATGGGCACTGTTGATCATGGTGTCCAAAAATAGTTAATGTGGCTAAATTGAGACAGGTTATGCTTCCATCACAGTATGCATATTGCAGTGGTGACAATGAGACCTGTAACATTT
